,name,description,uri,ownerName,ownerUri
0,鐵琴銅劍樓,"清代常熟藏書，自錢謙益絳雲樓、錢曾述古堂而後，首推瞿氏鐵琴銅劍樓。鐵琴銅劍樓爲清末四大藏書樓之一，後陸氏皕宋樓與丁氏八千卷樓先後散出，僅剩常熟瞿氏與聊城楊氏並峙，人稱南瞿北楊。中國私家藏書史上，世代相傳，歷史悠久者，除寧波天一閣外，當屬鐵琴銅劍樓。
鐵琴銅劍樓坐落於常熟賓湯門外十里之南塘古里村，初名「恬裕齋」，「恬裕」二字，取古書「引養引恬，垂裕後昆」之義，意即讓子孫後代也能享受這份恬靜安逸的生活，由瞿紹基所創立。紹基（1772—1836）字厚培，別字蔭棠。瞿氏祖上因經商致富，及紹基父進思好讀書，曾授「州同知」銜。紹基自幼力學工文，然屢試不第，僅以明經當了幾天陽湖縣訓導，旋即歸隱古里村，廣購四部之書，旁及金石。嘉慶道光間，恰值常熟城中陳氏稽瑞樓和張氏愛日精廬書先後散出，紹基又遴選其宋元善本爲世珍者，增置插架，由此奠定了瞿氏藏書的基礎。
紹基之子瞿鏞（1794—1846）字子雍，克承父志，搜奇羅異，不懈益勤。瞿鏞好金石文字，旁及鼎彝古印書畫，嘗得鐵琴一張、銅劍一把，因別稱其樓爲「鐵琴銅劍樓」。咸豐年間，長洲汪氏藝蕓書舍藏書散出，藝蕓書舍之藏源於黃丕烈士禮居，多宋元舊槧，其中精品多爲瞿鏞所得，餘歸楊氏海源閣。此處值得一辨的是，許多藏書史資料均言及恬裕齋因避清光緒載恬之諱而於同治末年（1874）改稱敦裕堂，而後又改名鐵琴銅劍樓，似有誤。瞿鏞另稱其樓爲鐵琴銅劍樓，有其詩集名《鐵琴銅劍樓詩草》和詞集名《鐵琴銅劍樓詞草》爲證，至於同治末年改名事，距瞿鏞謝世已近三十年，當與瞿鏞無關。
聚書難，守書亦不易。鐵琴銅劍樓傳至第三代主人瞿秉淵、瞿秉清手中時，正是太平天國崛起，社會動蕩時期，江南各藏書家多遭兵燹，甚至連范氏天一閣也未能幸免。戰火燒近常熟時，秉淵、秉清兄弟攜書遷徙，輾轉流離，歷盡艱辛，前後凡四年，而鐵琴銅劍樓之書始無恙。遷徙途中，兄弟倆聞有各家散出之異書，必不惜重價以充實庫藏。待亂後安然歸來，乃請江陰畫家吳灌英繪《虹月歸來圖》以志慶幸，張瑛爲之記，葉昌熾、翁同龢等名賢分別爲之題跋，可謂一時之盛事。
及至瞿啟甲，是爲第四代傳人。啟甲秉承父兄遺願，一如既往，謹守勿替。抗日戰爭時期，爲免日寇掠奪，啟甲早作防範，把全部善本運往上海，妥善安置，遂使日人無從下手，這和皕宋樓全部藏書賣給日本靜嘉堂再次形成鮮明對比。啟甲又將先人苦心經營數十年的《鐵琴銅劍樓藏書目録》悉加釐定，於光緒二十四年（1898）刊版行世；一九二二年，又取家藏宋金元刻本，擇其較爲罕見者一二頁，仿楊氏《留真譜》之意，影印爲《鐵琴銅劍樓宋金元本書影》。最難能可貴的是，啟甲一反舊時藏書家概不借閲的陋習，對踵門求閲者總是盡力提供種種方便，甚至還爲遠道而來的讀者提供膳食，遂使鐵琴銅劍樓名聲益廣。
歷經戰火洗劫，瞿氏舊住齋已燬，而藏書樓巍然獨存。樓爲四進相連的建築。其中第一、二兩進爲門屋、花廳，燬於抗日戰爭；第三、四進樓上爲藏書之所，三進樓下爲讀書之處，四進樓下收藏古物、石刻等。兩樓之書因瞿啓甲及時移藏滬寓，未遭劫火，今多歸北京圖書館。",http://data.library.sh.cn/gj/entity/libliotheca/clsaz00zc5ukuk83,,
1,小山堂,"祁氏澹生堂之藏散出後，部分書歸杭州趙氏小山堂，説起小山堂，其實與祁氏還有相當的血緣關係。《藏書紀事詩》：「回首東書舊草堂，深閨流涕對琳瑯。」説的就是這段與藏書有關的佳話。
小山堂爲趙氏「二林」兄弟藏書樓名。兄趙昱（1689—1747）字功千，號谷林；弟趙信（1701—？）字辰垣，號意林。時人稱「二林」，兄弟皆好藏書，其母朱氏則是山陰澹生堂祁彪佳的外孫女，祁承?的曾外孫女。當年「二林」之父趙汝旭完婚於山陰，婚禮就在祁氏東書堂中進行。時澹生堂藏書尚未散，趙汝旭心裏頗欲得祁氏之藏，朱夫人泫然流涕曰：「亦何忍爲此言乎？」趙汝旭默然而止。蹉跎四十年後，趙昱過訪外家，已是亭圮園荒，只有當年東書堂的「曠亭」二字匾額尚棄存屋角，乃攜以歸，欲於園中構亭，仍題是額，以志景仰，惜因財力不足而未能建成。兄弟倆敬母之道亦頗染書香之氣，每得佳刻，即送母親處共賞，輪番遞進，以爲嬉笑。連全祖望也感嘆道：「是天倫之樂所稀也。」在他們母親故世後，二林又將所得澹生堂之書，別貯而弆之，以示不忘母親的遺愛。
趙氏兄弟爬梳書庫，繼以三十年之力，聲名遠揚，四方書賈接踵而至，故所得之書不乏宋元舊槧。其間又與寧波范氏天一閣、揚州馬氏小玲瓏山館互相傳抄，尤其得到同郡繡谷亭吳氏的幫助。繡谷亭吳氏藏書不輕借人，但對趙氏兄弟卻當別論，實在也是又一種書緣。小山堂藏書之富，僅以地方志而言，除宋版開禧、寳慶《四明志》而外，明成化以前的各類方志即達千種以上。更難能的是，「二林」不像有些藏書家那樣，訪得善本，即秘不示人。雍正壬子，杭世駿發現了全祖望家中失竊的宋版寳慶《四明志》，大喜過望，馬上寫信給趙昱，請他設法籌款贖回該書，趙昱以重金購得是書後，馬上命人抄出副本送給全祖望。
趙昱去世後，其書多歸揚州馬氏小玲瓏山館。",http://data.library.sh.cn/gj/entity/libliotheca/ctw6cvfkorzbek1a,,
2,天籟閣,"明代浙江私家藏書樓中，堪與范欽天一閣匹敵者，首推嘉興項元汴之天籟閣。
項元汴（1525—1590）字子京，號墨林山人，又號香巖居士、退密齋主人，嘉興人。墨林家饒田産，又善治生産，故資力更加益雄，於是以其緒餘，廣事收藏，一時「三吳珍秘，歸之如流」。墨林所得的秘玩中，有一古琴，上有「天籟」二字，遂以名其儲藏之室。曾有人將與墨林同時代的文壇巨匠，亦是著名藏書家的王世貞與之相比，王氏小酉館藏書三萬，其爾雅樓所藏宋版更是名聞天下，但時人以爲「不及墨林遠矣」。天籟閣藏書之富，由此可見。
然而，平心而論，墨林之藏，尚非好古之士的收藏，更多的是出於鄉間財主自發的保值意識。最爲後人所不屑的是，項元汴每得名跡，即遍鈐以收藏印記，而他的印章又多有俗手所製，刻工惡劣而纍纍滿幅，令人不忍卒睹。故清姜紹書《韻石齋筆談》譏之爲「以明珠精鏐聘得麗人，而虞其他適，則黥面記之。抑且遍黥其體無完膚，較蒙不潔之西子，更爲酷烈矣」。葉昌熾《藏書紀事詩》則有「十斛明珠娉麗人，爲防奔月替文身」之嘆，語雖尖刻，卻是一語中的。墨林還每在所得畫幅書卷之後記上收購之價，其意本在願子孫長守，即或出售，也應在原價上有所增值。袁克文《寒雲手寫所藏宋本提要》曾有記載：「北宋本《北山録》卷尾欄外下角，墨林題『原值壹金』四字。」故後人亦頗對集博藏好古之雅和逐錐刀之利的商賈之俗於一身的項元汴感到不可理解。
墨林購得秘本後，常邀當時名家，特別是文家二兄弟文彭、文嘉前來鑒定真僞，故其藏書皆精妙絶倫。可笑的是，如果一旦被告之所出之價大於所值之書，墨林必後悔不已，於是又會把這些書按訪得之價讓歸其兄項篤壽。項篤壽（1521—1586）字子長，嘉靖四十一年（1562）進士。性喜藏書，見秘冊，輒令小胥傳抄，其「萬卷樓」之藏，更在「天籟閣」之前。項篤壽又以刻書名於世，葉德輝《書林清話》卷五「明人刻書之精品」專門列有「嘉禾項篤壽萬卷堂」條。
不幸，清順治三年（1645），清兵進入嘉興，項家累世之藏，盡被千夫長汪六水掠去。時距項元汴之死尚不足六十年。清朱彝尊曾有《還鄉口號》詩云：
墨林遺宅道南存，詞客留題尚在門。
天籟圖書今已盡，紫茄白莧種諸孫。
滄海桑田。名聞一時的天籟閣，至朱彝尊前去踏訪時，已只剩大門上昔日詞客們的題句讓人隱隱追思過去的輝煌了。",http://data.library.sh.cn/gj/entity/libliotheca/dmxi8gmapiwz5jwh,,
3,八千卷樓,"清末四大藏書家中，杭州丁氏兄弟有功於中國文化至巨，人們至今猶念其德。
丁丙（1832—1899）字嘉魚，別字松生，清杭州錢塘（今杭州）人，與其兄丁申（？—1880）共同經營八千卷樓藏書，時人稱之爲「雙丁」。
八千卷樓藏書淵源有自。先是，丁氏祖父丁國典慕其北宋先人丁顗有書八千卷之雅事，始於杭州營建藏書樓，並請當時名士梁山舟爲題「八千卷樓」匾額，傳至丁氏父親丁英，晨購露鈔，插架漸富。及丁申、丁丙兄弟，更是珍惜琳瑯，考校精審，盛名遠播。
丁氏兄弟之所以名垂後世，受人尊重，不僅是因爲八千卷樓的豐富收藏，更主要在於他們歷盡艱辛，悉心呵護，修復因戰亂散失的文瀾閣藏書。咸豐十一年（1861）年，太平軍再破杭州，丁氏兄弟避難於城外，無意中發現了散出的文瀾閣《四庫全書》的書葉，痛惜之餘，兄弟倆開始了搜尋、修復文瀾閣本《四庫全書》的艱難歷程。經過不懈的努力，兄弟倆先後竟搶救得《四庫全書》近九千冊。丁氏兄弟先是把書運到當時比較安全的上海，後來又運回杭州。原任典守閣書的陸光祺爲此繪圖紀事，浙江巡撫左宗棠爲題《書庫抱殘圖》，後人傳爲佳話。
由於當時文瀾閣已傾圮，丁氏兄弟運回之書祇能暫時藏於杭州府學尊經閣。光緒六年（1880），巡撫譚鍾麟與丁丙商議重建文瀾閣，次年閣成。此後丁丙又開始了補抄缺損的文瀾閣《四庫全書》的巨大工程，遂使文瀾閣《四庫全書》大體上恢復了原貌。
丁氏藏書樓總名「嘉惠堂」，建於光緒十四年（1888）。據丁丙《八千卷樓自記》載，樓凡五楹，正堂懸掛譚鍾麟手書「嘉惠堂」，其上即著名的「八千卷樓」，藏四庫著録之書；堂後爲「後八千卷樓」，規制和八千卷樓相同，藏四庫未著録之書；更後偏西爲「善本書室」，上下三楹，其上即「小八千卷樓」，藏宋元刊本及精鈔精校之書。
丁氏藏書目録主要有二：一是《八千卷樓書目》，是爲丁氏藏書總目；二是《善本書室藏書志》，著録小八千卷樓所藏宋元舊槧、名鈔名校及稿本。此外，丁申著有《武林藏書録》，記載自晉而後杭州藏書家史略及自宋至清杭州官家藏書、刻書的概況，對中國藏書史和中國出版史的研究均有相當價值。
光緒三十三年（1907），丁氏後人因經商失敗，虧空巨萬。鑒於皕宋樓東流的教訓，經兩江總督端方和江蘇著名藏書家繆荃孫的斡旋，八千卷樓藏書以七萬五千元歸於我國最早的公共圖書館江南圖書館，即現在南京圖書館的前身。",http://data.library.sh.cn/gj/entity/libliotheca/hwlslsxgz1in17b4,,
4,小玲瓏山館,"清代的揚州爲東南地區經濟文化之重鎮，同時也是兩淮鹽政中心所在。揚州在鹽業經濟發達、富商大賈雲集的同時又雕板之業興盛、藏書名家輩出。乾隆三十七年（1772）下詔徵求海內藏書助修《四庫全書》；三十九年五月十四日乾隆「上諭」説：「今閲進到各家書目，其最多者爲浙江之鮑士恭、范懋柱、汪啓淑、兩淮之馬裕四家。爲數五六七百種，皆其累世弆藏，子孫克守其業，甚可嘉尚。」此「兩淮之馬裕」，即是揚州小玲瓏山館馬氏兄弟馬曰璐之子。當時，小玲瓏山館馬氏以獻書七七六部列爲全國進書之冠。爲此得朝廷賞賜《古今圖書集成》一部。
馬氏兄弟爲安徽祁門人，以業鹽居揚州。兄曰琯（1688—1755）字秋玉，號嶰谷；弟曰璐（1701—1761）字佩兮，號半槎，一作半查。兄弟並稱清才，時稱「揚州二馬」。家有小玲瓏山館，藏書十萬卷，富甲東南。全祖望《叢書樓記》：「揚州馬氏嶰谷、半查兄弟居之，南有小玲瓏山館，園亭明瑟，而巋然高出者，叢書樓也，迸疊十萬餘卷。」姚世鈺《叢書樓銘》：「二君奉母閑居，兄弟自相師友，定省餘暇，間出而與四方博雅君子稽經諏律，專文字之契好，意懇言下，缺然若懼，恐類於誇多鬥靡者之所爲。」
二馬又好結交文士，曾與全祖望、金農、厲鶚等結爲「邗江吟社」，尤與全祖望交好。馬氏藏書樓飲譽東南，得全祖望之助甚多。當時，全祖望往來南北，路過揚州時，常留宿在叢書樓，是時馬氏兄弟「必問近來得未見之書幾何，其有聞而未得者幾何」，並隨即根據全祖望所述記下書目，而後或借抄、或轉購，窮年累月，樂此不疲。兄弟倆凡得異本，也必出示請全祖望鑒賞，若得全氏論定，即舉酒相慶。二馬又喜刻書。阮元《淮海英靈集》：「秋玉生平勤學好客，酷愛典籍，有未見書，必重價購之。世人願見之書，如《經義考》之類，不惜千百金付梓。」又據李斗《揚州畫舫録》載：馬氏小玲瓏山館常舉行詩文酒會，每次詩成即付諸梨棗。其速度之快，甚於現代出版業，據説「三日內尚可改易重刻，出日遍送城中矣」。小玲瓏山館還刻有《説文》、《玉篇》、《廣韻》、《字鑒》及詩文集若干種，又曾爲朱彝尊續刻《經義考》後一百二十卷，可算揚州家營出版中重要的一家。",http://data.library.sh.cn/gj/entity/libliotheca/z8fqryacsrutqsdj,,
5,海源閣,"晚清四大藏書家中，歸安皕宋樓，杭州八千卷樓之藏均於一九〇七年先後散出。其中皕宋樓悉數賣給了日本人，八千卷樓書售歸江南國學圖書館，祇剩下瞿氏鐵琴銅劍樓和楊氏海源閣兩家，人稱「南瞿北楊」。海源閣由楊以增所創立，梅曾亮爲之記。「海源」一語，取《禮記》「先河後海」之義，所謂「書猶河也，流之必至於海也，勢也。學者而不觀於海焉，陋矣。」（梅曾亮《海源閣記》）楊以增以爲：「學者應涉海而探源，知源之所出也。」故名海源閣。海源閣經過四代人的努力，歷時百餘年，其藏書規模之大，質量之精，在當時北方藏書家中首屈一指。
楊以增（1787—1856）字益之，又字至堂，號冬樵，山東聊城人。道光二年（1822）進士，官至江南河道總督。以增平生無他嗜，一專於書。任官期間，正值社會動亂，各家藏書多有散出，其中相當部分爲以增所得，由此奠定了海源閣藏書的基礎。楊以增藏書主要得自汪士鐘藝蕓書舍。咸豐辛亥（1851）壬子（1852）間，吳門汪氏藝蕓書舍書散出，時以增官江南河道總督，所得甚多。汪氏藝蕓書舍，源自黃丕烈百宋一廛及袁氏五硯樓諸家舊藏，宋元佳刻極多，故倍受書林關注，除以增所得外，餘歸常熟瞿氏鐵琴銅劍樓、上海郁氏宜稼堂。此後，以增又多方搜羅，諸如鮑氏知不足齋、秦氏石研齋、方氏碧琳瑯館以及海寧陳仲魚、陽湖孫淵如、大興朱竹君等名家舊物，均可在海源閣找到蹤影，是爲海源閣藏書一大特色。以增收藏既富，乃別辟「宋存書室」貯天水舊籍，而以元本、校本、影宋鈔本附之，復以收得宋本《毛詩》、《周禮》、《儀禮》、《禮記》和《史記》、兩《漢書》、《三國志》，顔其室爲「四經四史之齋」。
及至以增子紹和，藏書又有進一步發展。楊紹和（1832—1875）字彥合，號勰卿，以增仲子。咸豐二年（1852）舉於鄉，官戶部郎中，同治四年（1865）進士，歷官翰林院編修。紹和爲官京師時，適清宗室端華樂善堂書散出，紹和覓得極多。樂善堂書源於崑山徐健庵、泰興季滄葦，而徐、季之書又得自於毛氏汲古閣和錢曾述古堂。端華與弟肅順及怡親王戴垣被誅，樂善堂九楹藏書始流落民間，而海源閣插架由是益富，大有駕南北藏家而上之勢。楊紹和著有《楹書隅録》五卷、《續編》四卷、《海源閣藏書目》一卷和《宋存書室宋元秘本書目》四卷。及紹和子楊保彝（1852—1910），就紹和《宋存書室宋元秘本書目》拾遺補闕，撰爲《海源閣宋元秘本書目》四卷，著録善本之書四六四部一一三二八卷，海源閣孤本秘籍，大體與焉。又有《海源閣書目》六冊，抄本存山東省圖書館。
海源閣藏書散出於第四代傳人楊敬夫之時，原因凡四：一是咸豐十一年，捻軍自皖入魯，抵楊氏別業陶南山館，與清兵激戰，楊氏別業遂陷兵燹，所藏秘籍損失殆半；二是一九二九年土匪王金發陷聊城，司令部即設於楊宅內，海源閣珍藏慘遭糟蹋，乃至以閣書炊火；三是一九三〇年土匪王冠軍陷聊城，盡攫善本秘籍、碑帖字畫，囊括而北；四是一九三〇年「九·一八」事變後楊敬夫因生計，自售於一九二七年移藏於天津的珍本九十二種。時傅沅叔親臨津沽，雅意延訪，並就所經眼宋元本三十種，撰爲《海源閣藏書記略》。海源閣遺書，現主要見藏於北京圖書館和臺灣中央圖書館。",http://data.library.sh.cn/gj/entity/libliotheca/zae2utr2cfosfht7,,
6,愛日精廬,"常熟是我國歷史上有名的文獻之邦，藏書家輩出。毛晉汲古閣、錢謙益絳雲樓均出自常熟，到清道光年間，最著名的當數張金吾的愛日精廬，後來的鐵琴銅劍樓，有相當部分即建立在愛日精廬舊藏的基礎之上。
張金吾（1787—1829）字慎旃，別字月霄，清常熟人。道光時諸生。金吾十二歲喪父，由叔父張海鵬延師課讀，曾受業於同里著名藏書家黃廷鑑，爲他以後講求古書、專心版本目録之學打下了良好的基礎。
張家世代藏書。祖父張仁濟，有照曠閣，藏書萬卷；父張光基，取「遺子黃金滿籯，不如一經」之意，創詒經堂，是與徐乾學的「傳是樓」異曲同工；叔父張海鵬，爲當時著名的刻書家，中國出版史上極有影響的三部叢書《學津討源》、《墨海金壺》、《借月山房彙鈔》即是由張海鵬刻成的。張金吾在先人藏書的基礎上，兼收並蓄，積至八萬卷，取曾子「愛日以學」之語，名其樓曰「愛日精廬」。張金吾還有其他一些齋名，據《愛日精廬文稿·詒經堂記》：「詒經堂凡三楹，古今詁經之書藏焉；堂之西曰愛日精廬，則金吾讀書之所，而僅以藏先君子手澤者也；廬之南曰世德齋，則曾大父、大父詩集暨十世祖端巖公、從父若雲公校刊各書在焉；又其南曰青藜仙館，毛子晉、何義門、陸勅先諸先輩手校諸書在焉；廬之西有閣曰詩史，以藏元刊《中州集》，金吾集金源一代之文，成《金文最》一百二十卷，凡金人著述及當時碑版足資采集者咸附焉；閣之南曰巽軒，昔年從錫山得活字十萬有奇，排印《續資治通鑑長編》二百份，於焉貯之；堂之東曰求舊書莊，宋元明初刊本藏焉；莊之南曰墨香小艇，元明舊寫本藏焉；循莊而北，長廊數十步，有精舍三楹，榜曰積書，則先君子創建以貯書者，凡史子集三部通行之本咸在焉。此詒經堂藏書之大凡也。」
張金吾不僅愛藏書，而且也能讀書、編書、著書。他在《愛日精廬藏書志序》中曾説：「人有愚智賢不肖之異者無他，學不學之所致也。然欲致力於學者，必先讀書，欲讀書者，必先藏書。藏書者誦讀之資而學問之本也。」可見張金吾藏書是爲了讀書，這與其他動輒自秘的藏書家截然不同。他在影寫宋刊本《北山小集》跋中説：「嘗見藏書家得一宋元舊籍，輒思秘之帳中。噫，此何説也！古之人讀書稽古，萃一生之心思才力以成一書，難矣！萃一生之心思才力以成一書，而歷七八百年，幾經兵火，舊槧如新，抑又難矣！愛古者碎金片石，斷磚剩瓦，猶且公諸同好，互相激賞，況書籍爲作者精神所寄，靈爽所憑者與！得之者其亦思古人成書之難何如，流傳之難何如，今既幸爲己有，冥冥中鄭重付託，大望後之人廣爲傳布者又何如，乃謬爲愛護，秘不示人，甚無謂也。」張金吾曾收得一部元版《説文解字補義》十二卷，爲元人包希魯僅存的傳世之作，十分罕見。當時何元錫見了羨慕不已，想借抄此書，張金吾慨然應允，並很快請善書者抄出副本贈與何氏。張金吾説：「茲既幸歸予手，若不公諸同好，廣爲傳布，則雖寳如球璧，什襲而藏，於是書何裨？於予又何裨？……予之不敢自秘，正予之寳愛是書也。」作爲流布藏書思想的實踐，張金吾又喜歡刻書，曾刻有《詒經堂續經解》、《金文最》、《續資治通鑑長編》等。
張金吾晚年，家境艱難，爲了買書，他用完了所有家産。他在《叔父若雲府君家傳》中説：「金吾自讀書外無他嗜，田租井稅，尤不措意，惟日究心於聲音訓詁名物度數之學。見有宋元舊槧，及秘不經見而有關經史實學者，不惜重金，要以必得。叔父即卒，益以聚書爲事，蓋四方書賈奔走門牆者二十年，而家業盡矣。」更不幸的是，他的全部藏書，在道光六年（1826）爲他的侄子張承渙豪奪而去，爲此，張金吾非常氣憤，以致抑鬱不能自拔。書被奪走後僅兩年多，即在窮愁憂鬱中含恨死去。
張金吾藏書曾在嘉慶二十三年（1818）編有藏書總目《愛日精廬書目》二十卷和善本書目《藏書志》四卷，道光七年（1827）在《藏書志》的基礎上成《愛日精廬藏書志》三十六卷，《續編》四卷，收録宋元舊槧及世人鮮見的版本近八百種，是爲有清一代著名的版本解題目録。",http://data.library.sh.cn/gj/entity/libliotheca/0w175twc3v5iwxxq,张金吾,http://data.library.sh.cn/entity/person/h87306mwbk1olf3y
7,池北書庫,"歷代私家藏書，除江浙外，山東亦是一集中之地。在我國藏書史上，山東藏書家在北方的地位，猶如江浙之於江南。清初山東藏書家中，以王士禛的池北書庫最爲著名。
王士禛（1634—1711）字子真，一字貽上，號阮亭，又號漁洋山人。山東新城（今桓臺縣）人。清順治十二年（1655）進士，官至刑部尚書。
王士禛在清初以詩名世，號稱一代詩宗。《四庫全書總目》謂：「當康熙中，其聲望奔走天下，凡刊刻詩集，無不稱漁洋山人評點者，無不冠以漁洋山人序者，下至委巷小説，如《聊齋志異》之類，士禛偶批數語於行間，亦大書『王阮亭先生鑒定』一行弁於卷首，刊諸梨棗以爲榮。」除詩而外，王士禛最大的嗜好即爲聚書。王士禛曾跋《世説新語》曰：「予游宦三十年，不能以籯金遺子孫，唯嗜書之癖，老而不衰，每聞士大夫家有一秘本，輒借其抄副，市肆逢善本，往往典衣購之。」康熙乙巳（1665）年，王士禛從揚州離任時，隨身所帶惟圖書數十篋而已；後來在京師爲官二十餘年，俸錢之入，亦盡以購書；從北京卸任回山東老家時，更是「柴車載書以行」。當時曾請宮廷名畫家禹之鼎繪《載書圖》以記，後此圖流入翁方綱之手，視爲珍寳。
王士禛嗜書，最爲人熟知的典故有二：一是他雖身居要職，卻成天埋頭在古書堆中，曾有一士人數往他家拜訪而不獲一見，乃詢之於徐乾學。徐説：「要見到王士禛也很容易，只要每月十五到慈仁寺書肆等候，必能見到。」客如言以往，果然如願。其二爲某年冬，士禛去慈仁寺書肆買書，見有《尚書大傳》、朱子《三禮經傳通解》和荀悅、袁宏《漢紀》，很想買下來，豈料待次日清晨帶錢趕去時，已被別人買走，回到家中，惆悵不可釋，竟因此臥病十數天。故他在《居易録》中自嘲説：「古稱書淫書癖，未知視予何如？」
士禛爲一代詩宗，故最喜説部之書，遇僻秘爲世所罕見者，必輾轉借録，讎校勘定。每讀四部之書，輒爲題跋，一一記其刊刻傳寫及原藏者姓氏，後人輯爲《漁洋書跋》。士禛又精通宋槧名抄之鑒定，時書賈欲抬高書價，必説：「此書經過王士禛先生鑒定」云云。王士禛有《池北書庫藏書目》一卷傳世，但所録之書僅四百六十九種，附碑目三十九種，故後人或以爲是他的行篋書目。
王士禛的藏書在他卒後不久即散佚，其中部分爲葉德輝觀古堂所有，觀古堂書在抗戰中流入日本。",http://data.library.sh.cn/gj/entity/libliotheca/1cijzh4pduxjqd8f,,http://data.library.sh.cn/entity/person/661bbmu47hsujbaa
8,絳雲樓,"對於藏書家來講，最大的劫難莫過於不幸遭罹火災了，多年的苦心積聚燬於一旦，甚至許多孤本秘籍從此在人間消失。清初錢謙益的絳雲樓大火，便可以説是中國藏書史上一大損失。錢謙益自己則以爲：「漢晉以來，書有三大厄。梁元帝江陵之火，一也；闖賊入北京燒文淵閣，二也；絳雲樓火，三也。」雖然沉痛與惋惜中不無自負、自誇的成分，但是，把絳雲樓火與社會動蕩帶來的災難相提並論，足可見其受損失之慘。
錢謙益（1582—1664）字受之，號牧齋，又號蒙叟，江蘇常熟人。明萬曆三十八年（1610）進士，官至禮部侍郎，入清以禮部侍郎管秘書院事，充明史館副總裁。藏書之富，幾埒內府。後來常熟一帶藏書蔚然成風，跟錢謙益的提倡有很大關係。
錢氏早歲科名，交游滿天下。年青時即喜古書善本，曾購得明代劉鳳、錢允治、楊儀、趙用賢的舊藏，由是更不惜重貲購古本，以致「書賈奔赴捆載無虛日」。錢謙益所藏多宋元舊刻，爲此他不辭辛勞，四處奔走尋訪，明王世貞不惜以一座莊園代價換得的《兩漢書》後來因故散落於民間，即是錢謙益以數年時間追蹤查詢，最後終於以一千二百金的高價覓得。
錢謙益中年時曾構拂水山房藏其所收之書；晚年則居紅豆山莊，新建絳雲樓，又把平生所收典籍重加繕治，分類編目，結果整整裝滿七十三大櫃，貯於樓中。望著滿屋書籍，錢謙益感慨地説：「我晚而貧，書則可云富矣。」不幸僅十多天後，家中不慎因剪燭引起大火，絳雲樓全部藏書竟因此燬於一旦。據説書樓起火時，錢謙益指揮烈焰上，大叫：「天能燒我屋內書，不能燒我腹內書。」事後又痛心疾首地説：「甲申之亂，古今書史圖籍一大劫也，吾家庚寅之火，江左書史圖籍一小劫也。」
錢謙益本飽學之士，對版本目録亦十分精通。曹溶《絳雲樓書目題詞》説：「宗伯每一部書，能言舊刻若何，新版若何，中間差別幾何，驗之纖悉不爽，蓋於書無所不讀，去他人徒好書束高閣者遠甚。」但同時也指出他藏書太偏執：「一所收必宋元版，不取近人所刻及鈔本，雖蘇子美、葉石林、三沈集等，以非舊刻，不入目録中；一好自矜嗇，傲他氏所不及，片楮不肯借出。」乃至「有單行之本，燼後不復見於人間」。這其中還有一段插曲：錢謙益與曹溶本相交甚厚，曹在京師時，堂上列書六、七千冊，錢常去曹處看書，每見自家所乏，恒借鈔，曹則希冀異日可因此借觀錢氏之書。曹曾問錢：「先生必有路振《九國志》、劉恕《十國紀年》，南歸幸告借。」錢當下許諾，不料事後竟反悔道：「我家無此二書。」及至絳雲樓火，曹溶前來弔其災，錢方後悔地説：「我有惜書癖，畏因借輾轉失之。子曾欲得《九國志》、《十國紀年》，我實有之，不以借子。今此書永絶矣。使鈔本在，余可還鈔也。」
絳雲樓火災後，錢謙益根據記憶，追録成《絳雲樓書目》。書目對宋元版本情況多有記載，是一部極有價值的私家藏書目録。錢謙益除絳雲樓外，在其故第東城還有少量藏書，包括宋版《兩漢書》等，加上他後來又陸續收集到的部分，在他去世後均歸其族孫錢曾。",http://data.library.sh.cn/gj/entity/libliotheca/1xkn24x4w8ryibhi,钱谦益,http://data.library.sh.cn/entity/person/jpyw2ak4tpxsxjb6
9,白華樓,"浙江湖州歷來是我國藏書的集中地之一，明代則以茅坤的白華樓藏書稱於海內。
茅坤（1512—1601）字順甫，號鹿門，浙江歸安（今湖州）人。嘉靖十七年（1538）進士，累官廣西兵備僉事，遷大名副使。
歷史上的茅坤，首先以文學名於世。他和唐順之、歸有光等人共同反對「前後七子」文必秦漢的擬古主張，被稱爲「唐宋派」。茅坤編有《唐宋八大家文鈔》，專選韓愈、柳宗元、歐陽修、蘇洵、蘇軾、蘇轍、王安石、曾鞏等八人的文章。
據《湖録》記載，茅坤的藏書在當時富甲海內，他在練市構藏書樓凡數十間，但仍然充棟不能容，後由其孫茅元儀根據實際收藏編爲《白華樓書目》，分爲九學十部。九學爲：一經學、二史學、三文學、四説學、五小學、六兵學、七類學、八數學、九外學。九學而外，再加世學，號曰十部。從其所列類目看，除傳統的門類外，還特別注重兵、數、外、世等類，由此可以窺見其藏書十分入世，與一般士大夫的藏書有較大不同。白華樓的藏書後由茅坤的後人遷至白門，不幸燬於明清交替的社會動亂之際。",http://data.library.sh.cn/gj/entity/libliotheca/3chnxufuj0utepy0,茅坤,http://data.library.sh.cn/entity/person/nlvyg4oeoigv3x86
10,皕宋書藏,"在中國近代藏書史上，有一個身份很特殊的人物，那就是袁世凱的兒子袁克文。
袁克文（1890—1931）字豹岑，一字抱存，後因得宋王晉卿《蜀道寒雲圖》，得物志喜，因署寒雲。袁世凱多妻妾，生子十六人，均以「克」字爲名。克文行二，生母金氏，爲韓國貴族。在袁世凱衆多的兒子中，惟有袁克文多才多藝，不僅工詩文，精金石，而且能書善畫，富於收藏。
袁克文的收藏也是多方面的。包括古書、金石、書畫、錢幣、郵票等等。在圖書收藏方面，袁克文不以多爲能，而以精爲勝。袁克文收書時間雖不長，然論藏書之精，近百年藏書史上，大概無人能與袁克文相比。自然，這與他的「皇太子」的身份及其經濟實力也是分不開的。先是，克文收有宋版百種，乃名其樓曰「百宋書藏」，又因清代著名藏書家黃丕烈「百宋一廛」之名而復署「後百宋一廛」，宋版書到明代時已按葉論價，一百種宋本，實在非同小可，克文樓名「百宋」，殆有駕黃丕烈而上之意。後來，克文宋版書增至二百部，於是又改樓名爲「皕宋書藏」，「皕宋」之名，起於清末四大藏書家之一陸心源的「皕宋樓」，克文以一代貴公子的身份，豈肯輸於小小的陸心源。克文又曾收有宋巾箱本《周易》、《尚書》、《毛詩》、《禮記》、《周禮》、《孝經》、《論語》、《孟子》等八部經書，字劃細如發絲，精麗無比，克文十分喜愛，故又專辟「八經閣」以貯之。
平心而論，袁克文的嗜古與收藏，不是收藏家之好，而只是貴公子的一種消遣而已，性盡則視若浮雲，或以質錢，或以易物，至於吃虧貶值與否，袁公子並不怎么計較。雖然袁克文也曾學收藏家的口氣，刻過「與身俱存亡」之類的印章，專門鈐於最寳愛之書，但從來沒有認真過。袁世凱復辟帝制時，克文曾作《感遇》一詩，微露諷諫之意，一時竟被軟禁於北海。但對克文來説，倒也是因禍得福，每天坐擁書城，摩挲善本秘籍，賞玩金石書畫，好不悠然自得。
克文藏書的散出，大約在袁世凱死後不久。時克文寄寓上海，因生計日窘，不得不以抵押珍藏善本，乃至賣字、賣文爲生。最爲書林熟知的是克文曾收有宋刻本《魚玄機集》，爲清黃丕烈舊藏，跋識累累，甚是難得。當時，克文因急需現款，遂把該集和古錢幣一篋向人抵押得三千圓，後又因傅增湘欲得是書，且不惜重金，便再贖回，讓歸傅氏。是書留有克文藏書印多枚。倫明《辛亥以來叢書紀事詩》半是驚奇半是感嘆地説：「一時俊物走權家，容易歸他又叛他。開卷赫然皇二子，世間何事不曇花。」《魚玄機集》現存北京圖書館，不過書中所鈐之印爲「上第二子」，而非各種文獻上所説的「皇二子」，該集當時克文曾影印數冊。",http://data.library.sh.cn/gj/entity/libliotheca/3ki7vu6qpuzypojx,,http://data.library.sh.cn/entity/person/8ap4jnvbb3eupyvy
11,觀海堂,"在中國近代史上，有一個對中日兩國的文化發展同時産生巨大影響的藏書家，那就是以歷史地理學、金石碑帖學、版本目録學、乃至書法並稱於世的楊守敬。
楊守敬（1839—1915）字惺吾，晚號鄰蘇老人，湖北宜都人。同治元年（1862）舉人。光緒六年至十年（1880—1884）作爲使館隨員出使日本，一九一四年受袁世凱聘爲顧問、參政院參政。
楊守敬自幼嗜書，卻學優而未能仕。楊守敬二十四歲中舉，至光緒十二年四十八歲，曾先後七試進士，終因時運不濟而落榜。盡管如此，每次入京赴考期間，他都乘機遍游京師書肆，廣泛搜羅古書和碑版文字，由此奠定了他的目録版本學和金石考據學的基礎。
光緒六年三月，楊守敬第六次會試不中，無奈之下，遂於是年夏天應使日大臣何如璋之招請，作爲使館隨員出使日本。當時，日本正值維新之際，提倡新學，唾棄舊學，古典漢籍更是被看作落後的象徵而隨意拋擲。於是楊守敬得以大量購進許多國內已散佚的善本秘籍。楊守敬還認識了一位名叫森立之的日本醫生，森立之同時也是一位藏書家。楊守敬在森立之處看到他所摹寫的善本書影數冊，愛不釋手，森立之見楊守敬如此寳愛，慨然舉贈，楊守敬則從中得到啟發，補以在日本所訪得的宋元秘本的樣張後刻版行世，名曰《留真譜》，從而開創了古籍版本學上有劃時代意義的書影先河。森立之又送給楊守敬一本《經籍訪古志》，此後，楊守敬按目訪書，更爲便利，僅一年時間，竟購求到三萬多卷古書。
一年後，黎庶昌接替何如璋爲駐日公使。黎庶昌（1837—1897）號純齋，貴州遵義人，光緒中曾兩度出任駐日使臣。黎庶昌也是一位好古之士，當他聽説楊守敬在日本訪得許多國內已失傳的古書後，很受感動，遂委托楊守敬在搜訪古籍的基礎上刻印《古逸叢書》，於是楊守敬愈發熱心訪古。楊守敬本來就能書善畫，去日本時，曾帶去了漢、魏、六朝、隋、唐的碑帖一萬三千多冊，利用這些碑帖，楊守敬不僅向日本廣泛傳播了我國的書法藝術，被譽爲「近代日本書道之父」，還以此換回了許多用金錢所無法買到的珍本。光緒八年至十年，楊守敬協助黎庶昌刻成《古逸叢書》，共二十六種，計二百卷，多爲當時國內已失傳的秘本。
光緒十年，楊守敬盡載其在日本訪得之書回國，並於光緒十四年在湖北黃州築園藏書，園名「鄰蘇」，以其與蘇東坡舊居相鄰故也。光緒二十九年，楊守敬在武昌建成觀海堂，並移書於武昌。辛亥革命時，楊守敬避居於上海，但其書未及運出，當時，都督黎元洪應日本駐漢口領事寺西秀武之請求，發出了保護楊守敬藏書的告示：「照得文明各國，凡於本國之典章圖籍，罔不極意保存，以爲國家光榮。茲查楊紳守敬，藏古書數十萬卷，凡我同胞，均應竭力保護。如敢有意圖損毀及盜竊者，一經查覺，立即拿問治罪。楊紳係篤學老成之士，同胞咸當敬愛，共盡保護之責，以存古籍而重鄉賢。」使當時已七旬高齡的楊守敬備受感動。民國元年，楊守敬將幸免於難的藏書從武昌運到上海。
楊守敬一生雖未曾中過進士，但在學術界卻頗負盛名。楊氏學術成就最著者爲輿地之學，被譽爲「開輿地學之新紀元」的歷史地理學家；二是金石學，在楊氏收藏中，金石碑版一直是很重要的組成部份；三是版本目録學，楊守敬藏書數十萬卷，僅海內孤本即達數萬卷，光緒二十三年楊守敬刊行了他在日本訪書時所見的各種珍秘古籍的知見録《日本訪書志》，在目録學界有很大影響，楊守敬又有《藏書絶句》一卷三十二首，曾以筆名「晦堂」、「王葆心」在一九一三年創刊的《文史雜志》上發表。
民國三年，楊守敬應聘爲袁世凱顧問，這些書又隨楊守敬移至北京。現大多藏於臺灣故宮博物院。",http://data.library.sh.cn/gj/entity/libliotheca/44eewjbgmoty7ejl,杨守敬,http://data.library.sh.cn/entity/person/b5qnimgjqef74qyt
12,傳是樓,"藏書家癡書，且多希望子孫也能像他們一樣呵護圖書，故藏書印中不乏「子孫永保」之類的套話，惟徐乾學的一方「黃金滿籯，不如一經」，最爲獨特，也最爲藏書家所贊嘆。印文的大意是：留給子孫的最好財富莫過於圖書了。
徐乾學（1631—1694）字原一，號健庵，崑山人。康熙九年（1670）進士，官至刑部尚書，曾主持監修《明史》、《大清會典》、《大清一統志》等。
徐乾學是清代著名學者顧炎武的外甥，本書香世家出身，生性愛書。萬斯同《傳是樓藏書歌》：「東海先生性愛書，胸中已貯萬卷餘，更向人間搜遺籍，直窮四庫盈其廬。」明末戰亂之後，藏書之家多不能守，及清初社會漸趨安定，各家散出之書始在民間流傳，於是徐乾學乘機廣爲搜購，而他的門生故吏又遍於全國各地，知他有嗜書之癖，無不盡力爲之網羅放佚，一時南北藏家之舊物，如細流歸海，匯於徐乾學之所。於是徐乾學乃築樓於所居之後，凡七楹，五尺寬的書櫥，整整有七十二櫥，部居類彙，各以其次，整理得井井有條。某日，徐乾學把他的幾個兒子叫到書樓，對他們説：「我們祖先都是清白起家，沒有華美的莊園田産或者金玉玩好可以傳世，我所能留給你們的也祇有一樣東西。」然後他笑指滿樓藏書説：「所傳者惟是耳。」因名其樓爲傳是樓。在徐乾學看來，田産財寳終有用完之時，惟書裏的知識，可以永遠受用無窮。徐乾學還曾搜集唐宋以來的解經之書，彙編爲《通志堂經解》，後由其學生納蘭性德刊行於世。黃宗羲《傳書樓藏書記》評論説：「世之藏書家未必能讀，讀者未必能文章，而先生並是三者而能之，非近代藏書家所及。」是非虛語。
徐乾學編有《傳是樓書目》、《傳是樓宋元本書目》一卷，後者收宋元善本多達四百五十種，非後來普通藏書家所可比擬。傳是樓之藏，後經何義門介紹，多歸怡府安樂堂所有。",http://data.library.sh.cn/gj/entity/libliotheca/4ucpkv64lgevbs32,徐干学,http://data.library.sh.cn/entity/person/oy4tviam5sevcyhg
13,懸罄室,"在中國藏書史上，最難能可貴的是寒士藏書。寒士藏書雖然珍本秘籍無多，然他們對書的癡迷偏嗜，爲書林留下了另外一種令人掩卷贊嘆的佳話。明代的錢穀可謂其中的典型人物。
錢穀（1508—1578？）字叔寳，明吳縣人，游文徵明門下，以書畫名於世。但對錢穀來講，書畫只是他的業餘之事。朱彝尊《列朝詩傳》：「錢穀字叔寳，少孤貧，游文待詔門下，日取架上書讀之。以其餘力點染水墨，得沈氏之法。晚葺故廬，讀書其中。聞有異書，雖病必強起，匍匐請觀。手自抄寫，幾於充棟，窮日夜校勘，至老不衰。」錢穀手抄之書，一絲不茍，爲後來藏家所重。陸心源皕宋樓曾藏有錢氏抄本《會稽掇英集》，後有文震孟跋説：「《會稽掇英集》皆集唐宋名賢詩文，宇內流傳絶少，是其早歲所抄，無一惰筆，乃從宋刻本而録者，爲世珍重可知矣。」錢穀家貧，故文徵明爲題室名「懸罄」，「懸罄」就是空無所有的意思。文震孟《姑蘇名賢小記》：「叔寳先生不爲家，家逾貧。先太史過而題其室曰『懸罄』。先生笑曰：『吾志哉！』而其嗜讀日益甚。收録古文金石書幾數千卷。」
錢穀之子錢允治（1541—？），字功甫，好書一如其父。錢曾《讀書敏求記》説：「功甫老屋三間，藏書充棟。白日檢書，必秉燭，緣梯上下。所藏多人間罕見之本。」《列朝詩傳》則稱：「年八十餘，隆冬病瘍，映日鈔書，薄暮不止。功甫歿，無子，其遺書皆散去。自是吳中文獻無可訪問，先輩讀書種子絶矣。」",http://data.library.sh.cn/gj/entity/libliotheca/5kdavnjt8ll3zu4a,钱谷,http://data.library.sh.cn/entity/person/pchhrs4pyga1rp65
14,藝風堂,"近代版本目録學家中，繆荃孫無疑是最有影響者之一，甚至有人認爲，廣爲人知的《書目答問》，實際上出自繆荃孫之手，雖然後來陳垣先生力排此説，但張之洞此書很大程度上得力於繆荃孫當是無疑，至繆氏晚年，其學術成就更是遠遠超出張之洞之上。
繆荃孫（1844—1919）字炎之，一字筱珊，晚號藝風，江蘇江陰人。光緒二年（1876）進士，曾任翰林院、國史館編修，歷主江陰南菁書院、濟南濼源書院、江寧鐘山書院講席，先後擔任江南圖書館和京師圖書館監督，爲南北兩大圖書館的創建者之一。
繆荃孫早年從廣東藏書家李文田習版本目録之學，從此開始了他的藏書生涯，以後南來北往，遇書輒購。在京師任職時，繆荃孫常去海王邨書肆搜訪異本，繆荃孫當時經濟上並不太寬裕，常常不得已而典衣買書。繆荃孫又與許多藏書家往來，互相抄校考訂，學問亦隨之日益博通，至庚子年（1900），繆氏藝風堂藏書已達十餘萬卷。八國聯軍入侵北京，舉國震驚。當時，繆荃孫主講於鐘山書院，鑒於歷史上人亡書散的教訓，乃根據藏書編《藝風堂藏書記》八卷。《藝風堂藏書記》仿《孫氏祠堂書目》之例分爲十類，著録圖書六二七種、一〇九六二卷，繆氏在《藏書記緣起》中自認不敢與瞿、楊、丁、陸四大藏書家相比，但足與吳騫的拜經樓和孫星衍的平津館相伯仲。庚子之後，繆荃孫東游日本，得暇即搜羅舊書。在國內，又觀書於四明天一閣，並曾先後擔任江南圖書館和京師圖書館監督之職，及寓居上海，又托日本人將原先藏書四百篋轉運上海，所得之書與庚子前相埒。一九一二年，繆氏依前書體例，在上海聯珠樓成《藝風堂藏書續記》八卷。在這段時間裏，繆荃孫由於沒有收入，祇能以書易米，但仍自鳴曠達，以「書去目存」自慰。此後，雖政治上失意，經濟上拮據，而嗜書之癖依舊，遇好書，必「損衣食之費而置之」，但數量並不多，且「旋收旋散，有若摶沙」。晚年又成《藝風堂藏書再續記》二卷，分爲宋刻本、元刻本、明刻本、舊鈔本、校本、影寫本、傳抄本七類，著録所藏舊本百餘種。
繆荃孫又以收藏金石碑帖名，他的雲自在龕藏碑帖近一萬二千通。光緒二十二年（1896）江南藏碑大家沈樹鏞舊藏散出，當時，葉昌熾亦以收藏金石名，然而是時葉氏甫告喪子，絶嗣之痛正深，不暇問津；繆荃孫不惜賣田買碑，一下子購進三千餘通。收藏金石之最，遂屬繆荃孫。事後，葉昌熾十分懊喪，然已悔之莫及矣。
繆荃孫學問淵溥，著述宏富，僅以目録學而言，除上述《藝風堂藏書三記》外，較著名的還有《藝風堂金石目録》十八卷、《藝風堂讀書記》四卷，又曾輯有《蕘圃藏書題識》十卷，還曾爲盛宣懷編有《盛氏愚齋圖書館藏書目録》，主持編撰《京師圖書館善本書目》等。繆荃孫又喜刻書，除了爲他人校刻過各種書籍外，自刻有《雲自在龕叢書》、《對雨樓叢書》、《藕香零拾》、《煙畫東堂小品》等。田洪都序《藝風堂藏書再續記》評論繆荃孫説：「一生與刻書爲緣，孤稿秘籍，多賴流布，廣人見聞，裨益文化之功，可謂至巨。」
繆荃孫卒後，其子繆祿保把大部份藏書賣給了上海古書流通處，另有些珍本，隨繆祿保移至北京，後多爲北大圖書館所得。",http://data.library.sh.cn/gj/entity/libliotheca/6nrdboprxswhr7or,缪荃孙,http://data.library.sh.cn/entity/person/t26jlfxa6stb5l1t
15,小酉館,"中國藏書史上有這麼一段佳話，説是王世貞嗜書，乃至癡到不惜以一座山莊換一部善本。葉昌熾《藏書紀事詩》記載王世貞時説：「得一奇書失一莊，團焦猶戀舊青箱。」説的就是這段故事。當時王世貞遇到書商出售宋刻《兩漢書》，欣喜異常。然因一時無足夠現金而又得書心切，惟恐如此好書爲他人所得，竟與書賈商定以自己的一座山莊換取這部秘刻。後來雖處境困窘，身居茅屋，猶念念不忘曾經擁有過的這部寳籍。古今好書者，大概無有更甚於此的了。
王世貞（1526—1590）字元美，號鳳洲，又號弇州山人，江蘇太倉人。嘉靖二十六年（1547）進士，官至刑部尚書。以詩文名於世，與明代著名文學家李攀龍同爲「後七子」之首領。
王世貞嗜書成癖，已如前述。世貞所居之處名弇州園，園內涼風堂後有小酉館，藏書三萬餘卷，又有爾雅樓，專儲宋刻之書，又別有九友齋，以庋最爲難得之佳本，如宋刻《兩漢書》。據《漢書》王世貞跋説：「予平生所購《周易》、《禮經》、《三國志》、《唐書》之類，過三千卷，皆宋本精絶。」所藏宋刻多鈐有「貞元」印，又有「伯雅」、「仲雅」、「季雅」分印各本，以別甲乙，如《漢書》有「伯雅」印，《四書》有「季雅」印，論者以爲較之毛晉單以「宋本」、「元本」區別更爲詳晰。
王世貞藏書未有編目。在藏書管理方面，據説書室中有一老僕，十分熟悉家藏，王世貞要什麼書，甚至是某書某卷乃至某葉某字，一脫聲老僕馬上就能找到，猶如事先已有預約一般。以此推論，老僕之學問，亦非常人可比。",http://data.library.sh.cn/gj/entity/libliotheca/6v156e8045j06771,王世贞,http://data.library.sh.cn/entity/person/vekkomnkocd456a7
16,竹西書屋,"歷史上藏書大家多出自江浙，但齊魯亦不乏以藏書名於世者：在明有李開先，清初有王士禛，至乾隆間則數李文藻。
李文藻（1730—1778）字素伯，號南澗，山東益都人，乾隆二十六年（1761）進士，官至桂林府同知。任地方官前，李文藻曾在京師近半年，閑暇時間，以抄書和入琉璃廠書肆訪書爲樂。嘗於王昶家借録惠氏《易漢學》諸書，浸膚多汗，沾漬衣襟，不以爲苦。又撰《琉璃廠書肆記》，備述乾隆己丑（1769）謁選廣東恩平縣知縣前入琉璃廠觀書始末，最爲書林著稱。其文曰：「乾隆己丑五月，予以謁選，居京師五月餘，無甚應酬，又性不喜觀劇，茶園酒館，足跡未嘗至；惟日借書鈔之，暇則步入琉璃廠觀書。雖所買不多，而書肆之不到者寡矣。」當時，李文藻還常常通過訪求散帙而配備成套，可謂古人訪書一大訣竅。《琉璃廠書肆記》曾描述説：「內城隆福諸寺，遇會期多有賣書者，謂之趕廟。散帙滿地，往往不全而價低。朱少卿豫堂日使子弟物色之，積數十年蓄數十萬卷，皆由不全而至於全。……吾友周書昌遇不全者，亦好買之。予好書與書昌同，不及書昌能讀耳。」李文藻沉湎於琉璃廠書肆，自晨至暮，翻檢殆遍，時或典衣買之。葉昌熾《藏書紀事詩》所云「安知散帙非全帙，趕廟驅車日又來」，即指此段掌故。
宦游嶺南期間，李文藻以書數千卷相隨。又性嗜金石，有僕劉福善椎拓，攜紙墨以從，所過學宮、寺觀、巖洞、崖壁，必停驂周覽，有所得，即盡拓以去。最典型的是有一次乘舟出迎制府，小憩南海廟，命僕拓碑，秉燭竟夜，比曉，問制府舟，已過矣。讀書人之尷尬，莫過於此矣。李文藻以吏治清白名於世，去官之日，囊橐蕭然。還至番禺，命工摹光孝寺貫休畫羅漢四軸以歸，曰：「此吾廣南宦囊也。」又自嘲：「官居之貧，山水之奇，金石文字之富，未之有也。」
錢大昕《李南澗墓志銘》嘗戲論李文藻人生之錯位：「南澗有三反：長身多髯，赳赳如千夫長，而胸有萬卷書，一也；生長於北海，官於南海，二也；湛思著書，欲以文學顯而世稱其政事，三也。」又序《李南澗詩集》説：「南澗之性情與予略相似。予好聚書，而南澗鈔書之多過於予；予好金石文，而南澗訪碑之勤過於予；予好友朋，而南澗氣誼之篤過於予；予好著述，而南澗詩文之富過於予。」李文藻生平盡在此二段文字中矣。
李文藻藏書見於四庫著録者有七種。歿後書多流散，以安丘趙録績所得最多，趙氏書後歸山東省圖書館和山東大學圖書館。",http://data.library.sh.cn/gj/entity/libliotheca/77tfhkrhf0oe41r2,李文藻,http://data.library.sh.cn/entity/person/cmx2562cfklzzc4l
17,瓶花齋,"清初錢遵王的《讀書敏求記》，作爲版本目録學的濫觴而名聞天下，朱彝尊雅賺《讀書敏求記》的佚事，書林更是傳爲美談。其實，稍晚於此的吳焯的《繡谷薰習録》，敘原委、考異同，翔實有據，足以與《讀書敏求記》匹敵。
吳焯（1676—1733）字尺鳧，清錢塘（今杭州）人。以家有古藤，花開時垂如瓔珞，遂構亭名「繡谷」。吳焯好詩，常與當時名流雅集亭下，置酒高會，吟賞不絶。據《杭州府志·文苑》：「吳焯九歲能詩，毛奇齡執手稱畏友，康熙四十四年南巡獻賦，召試。五十六年奏進所著書。所居瓶花齋聚書萬卷，蒔花種竹，足不越戶外而車輒常滿。流連文酒，自抒所學，撰述十餘種。」
吳焯又喜聚書，家有瓶花齋，凡宋雕元槧與舊家善本，若飢渴之於飲食，求必獲而後已。吳焯與同郡小山堂趙氏友好，每得一書，彼此抄存。所傳抄秘籍，版心恒有「瓶花齋」字樣，爲得者所寳。吳焯又精校勘，手自丹黃，每購一書，必兼數本，相互參比，如有考證心得，輒書諸卷首。小山堂趙昱回憶與吳焯的交往時曾説：「繡谷藏書頗矜惜，不輕借人，獨許予鈔，予所藏多繡谷亭本。予偶得善冊，先生見之亦必取以勘定。」
焯有二子，長子吳城字敦復，號甌亭，次子玉墀，字蘭陵，號小谷，又號二雨，皆好書。瓶花齋舊藏有宋刻唐人許渾《丁卯集》，當時爲人豪奪而去。失書二十年後，吳城竟在北京城東書肆中無意間遇見此書，檢閲書冊，其父吳焯藏書章宛然簡端，不禁狂喜，即以豐價購下。回家後，邀當時名流歌詠以紀其事，吳城又自作長律三首，其中有句云：「縱橫私印猶完好，故物歸來信宿緣。」吳玉墀好書亦不讓父兄。乾隆中重開四庫館，時吳城已歿，玉墀進呈家藏典籍三〇五種，其中《四庫》收録五十二種，存目一一二種，爲此玉墀得到乾隆的表彰，並賜內府初印本《佩文韻府》一部。進呈之書《説文篆韻譜》和呂祖謙《歷代制度詳説》發還時，還得到了乾隆的親筆題詩，這對當時藏書家來説，算是十分榮光的事。玉墀又曾彙輯其父根據家藏秘籍所撰文字而成《繡谷薰習録》，吳焯爲之跋。書稿原爲八冊，後經、史、子三部六冊不知流入何方，集部二冊從瞿世瑛清吟閣劫餘散出後歸杭州丁氏八千卷樓，始《楚辭》，終元明諸集，計二一〇種，丁氏因爲之序；後民國吳昌綬又訪得經部易類一冊，並集部二冊，收入《松鄰叢書》。
瓶花齋藏書散出後多歸揚州馬氏小玲瓏山館、德清許氏鑒止水齋和同邑汪氏振綺堂。",http://data.library.sh.cn/gj/entity/libliotheca/7otz3ppk6rki1cgh,吴焯,http://data.library.sh.cn/entity/person/6568v1vykmq1tswa
18,述古堂,"説到我國善本解題目録，無人不知清錢曾的《讀書敏求記》。《讀書敏求記》於所收善本條目之下，或述授受之源流，或究繕刻之異同，爲版本目録學的發展奠定了基礎，而錢曾也因此書在目録學史上留有特殊的地位。
錢曾（1629—1701）字遵王，號也是翁，江蘇常熟人，錢謙益的族孫。錢曾的父親也是個藏書家，常讓書賈「挾策潛往」，而且頗具眼力，甚至收有一些錢謙益尋訪多年未得的善本，使錢謙益在喜其有同癖之餘，又頗有幾分妒嫉。錢曾自幼隨其父收藏整理圖書，後又從錢謙益學版本目録之學，頗多心得體會，其《述古堂自序》曾説：「余二十年，食不重味，衣不完采，摒當家資，悉藏典籍中。」故錢謙益認爲家族中祇有錢曾才能繼承他的藏書事業，及錢謙益老，遂把絳雲樓餘書全部贈給了錢曾。
錢曾生平所嗜，以宋槧爲最。曾有人戲言：「昔人佞佛，子佞宋刻乎。」錢曾相與大笑。後來黃丕烈號稱「佞宋主人」，或即出典於此。錢曾一生共收有四千餘種圖書，編有《也是園書目》、《述古堂書目》和《讀書敏求記》等，其中以《讀書敏求記》對後世影響最大。
在中國目録學史上，《讀書敏求記》頗有傳奇色彩。先是，錢曾與吳偉業、顧湄、金俊明、葉樹廉、陸貽典、曹溶、毛扆等商討學問，互相傳抄善本秘籍。某年春，錢曾外出訪書，止宿隱湖，與毛扆快談至夜分。毛扆有意引誘錢曾談論所藏珍秘，錢曾對小於自己十餘歲的毛扆頗爲欣賞，即乘興把平時胸中所藏，但輕易不告訴別人的珍善之書，逐一告訴了毛扆，於是毛扆又慫恿錢曾把這些秘本寫成書目。回到家後，錢曾竟真的根據家中藏書，並仿焦竑《國史經籍志》體例而成《也是園書目》十卷。但是，《也是園書目》祇是錢曾的一般書目而已，對於珍秘的宋元善本，錢曾另外編了四卷《讀書敏求記》，專門討論版本之優劣、繕刻之異同，以及授受之源流。其中多有世人所未聞者。書既成，許多學者、藏書家都想一睹爲快，但錢曾把書鎖在書篋中，隨身攜帶，秘不示人。爲了讀到這本書，朱彝尊曾想盡各種辦法，均未成功。後來，朱彝尊到江南當典試官，設宴邀請當地文人名士，其目的則在於請錢曾到場。席間，彝尊以錢物收買了錢曾的書童，讓他取出錢曾的書，然後讓待命於秘室的十多個抄書生連夜抄出副本，再把原書偷偷放回錢曾的書篋。後來錢曾有所察覺，朱彝尊則發誓不把書流傳於外。到了晚年，朱既怕有違故人之命，又恐這部書從此無傳，遂將書付與族人收藏，以後又幾經曲折，世間始有傳本。
錢曾藏書於康熙丁未始逐漸散出，部分書歸泰興季振宜。",http://data.library.sh.cn/gj/entity/libliotheca/7r4tjbkel065aik2,钱曾,http://data.library.sh.cn/entity/person/w5xwjhxtmzmxaehz
19,知不足齋,"清乾隆間詔修《四庫全書》，徵採天下遺書，時浙江進呈藏書爲全國之冠，其中僅鮑氏知不足齋所獻即達六二六種，爲浙江私家藏書獻書之首。
鮑廷博（1728—1814）字以文，號淥飲，祖居安徽歙縣邑西之長塘，故世稱長塘鮑氏。鮑廷博父親鮑思詡娶杭州顧氏爲妻，遂移家杭州，鮑思詡性嗜讀書，並略有藏書，鮑廷博又力購古人之書以歡其父。積久，所得之書益多且精，乃築室藏書，取《禮記》「學然後知不足」之義，顔其樓爲知不足齋。
鮑家經商，家饒財資，故於藏書、刻書均有足夠的經濟實力。鮑廷博數十年如一日，訪書不懈，名聲斐然，故當時近則嘉興、吳興，遠自大江南北有舊藏抄刻異本到杭州求售者，必先到鮑家讓其首先挑選。有時鮑廷博聞知外地有人售書，還會千方百計通過信函求購，如此所得珍秘善本甚多。鮑廷博又與趙氏小山堂、汪氏振綺堂、吳氏瓶花齋、孫氏壽松堂等藏書名家參合有無，互爲借抄。對那些家有先哲遺稿的，鮑廷博也總是設法抄録，每得一書，如獲至寳，歡喜若狂。長期的書香薰陶，使鮑廷博精於版本目録之學。翁廣平《鮑淥飲傳》曾稱贊鮑廷博「生平酷嗜書籍，每一過目，即能記其某卷某葉某譌字。有持書來問者，不待翻閲，見其板口，即曰此某氏板，某卷刊譌若干字，案之歷歷不爽」。故洪亮吉把他和黃丕烈同列爲「鑒賞家」。
鮑氏知不足齋藏書多宋元善本，但鮑廷博從不自秘，祇要有人假借，總是盡量滿足別人的需求，甚至常常把秘本異籍舉以爲贈，故鮑廷博藏書在生前已流出不少。乾隆間修《四庫全書》，鮑廷博命其子鮑士恭進呈家藏六二六種，其中《四庫全書》著録二五〇種，存目一二九種，爲此得到朝廷《古今圖書集成》一部的奬勵。乾隆三十九年五月十四日「上諭」説：「今閲進到各家書目，其最多者爲浙江之鮑士恭、范懋柱、汪啓淑，兩淮之馬裕四家。爲數五六七百種，皆其累世弆藏，子孫克守其業，甚可嘉尚。」在發還給鮑家的書中，乾隆還專門題詩作爲鼓勵。如所還的《唐闕史》上所題詩爲：
知不足齋奚不足？渴於書籍是賢乎；
長編大部都庋閣，小説卮言亦入櫥。
鮑廷博藏書特別值得稱贊之處是他的「以散爲聚」的藏書思想，所謂「以散爲聚」主要表現爲以刻書的方法把書存之於世。鮑廷博嘗取家藏珍籍二百餘種，刊爲《知不足齋叢書》二十七集，爲我國古代著名大型叢書之一。趙懷玉《知不足齋叢書序》曾引鮑廷博之語：「物無聚而不散，吾將以散爲聚耳。金玉璣貝，世之所重，然地不愛寳，耗則復生。至於書，則作者之精神性命託焉。著古昔之睧睧，傳千里之忞忞者甚偉也。書愈少則傳愈難，設不廣爲之所，古人幾微之緒，不將自我而絶乎？乞火莫若取燧，寄汲莫若鑿井。懼其書之不能久聚，莫若及吾身而善散之也。」後人有《續知不足齋叢書》、《仿知不足齋叢書》、《後知不足齋叢書》，均是在鮑廷博《知不足齋叢書》的影響下編刊而成的，正是應了鮑廷博的這段話。鮑廷博的《知不足齋叢書》影響之大，連皇帝都知道。嘉慶十八年（1813）方受疇任浙江巡撫時，還奉旨特意前來詢問鮑氏《叢書》刻了多少，及方受疇以《叢書》第二十六集進呈，得奉「上諭」：「鮑廷博年踰八旬，好古積學，老而不倦。著加恩賞給舉人，俾其世衍書香，廣刊秘籍。」一時傳爲盛事。其實，我們今天盡人皆知的《聊齋志異》也正是由鮑廷博於乾隆三十一年（1766）刊刻後才得以廣爲流傳的。盧文弨《徵刻古今名人著作疏》評論鮑廷博刻書説：「吾友鮑君以文者，生而篤好書籍，於人世一切富貴利達之足以艷人者，舉無所槩於中，而惟文史是耽。所藏弆多善本，並有人間所未盡見者。進之秘省之外，復不私以爲枕秘，而欲公之。晨書暝寫，句核字讎，廼始付之梓人氏。棗梨既精，剞劂亦良，以是毀其家，不卹也。」可見對鮑廷博評價之高。
道光、咸豐年間，鮑氏之書全部散出，多入杭州勞氏丹鉛精舍和湖州陸氏皕宋樓。",http://data.library.sh.cn/gj/entity/libliotheca/b4y7p3bexjuiccg5,鲍廷博,http://data.library.sh.cn/entity/person/pexepd4lyeyvzsra
20,開萬樓,"清乾隆間詔修《四庫全書》，徵採天下遺書，時全國藏書家中獻書最多的四家中，浙江獨占其三，而其中的鮑廷博和汪啓淑，又都是安徽歙縣籍而僑居於杭州的藏書家，這不能不説是一種巧合了。爲此他們除了得到御賜《古今圖書集成》一部外，在所發還的書中，還有乾隆的親筆題詩，這在當時實在是件很榮幸的事情。
汪啓淑（1728—1799）字慎儀，號秀峰，又號訒庵，原籍安徽歙縣，僑居杭州，官工部都水司郎中，家有廳事名飛鴻堂，時人稱飛鴻堂汪氏。汪氏嗜古有奇癖，藏有古印數萬鈕，其《飛鴻堂印譜》爲治金石者所共知，又有藏書百櫥，凡數千種，藏書樓名開萬堂。汪啓淑曾在其《水曹清暇録》中自誇説：「江浙藏書家，向推項子京白雪堂、常熟之絳雲樓……近時則趙谷林小山堂、馬秋玉玲瓏山館、吳尺鳧瓶花齋及予家開萬樓。」
汪啓淑好書，又好詩，曾與杭世駿、厲鶚等結爲「南屏詩社」。汪啓淑訪書歸來，厲鶚曾有「雪壓扁舟浪有棱，載來書重恐難勝」句相贈，可知汪啓淑一次購書之多。但汪啓淑藏書頗爲自秘，甚至連同鄉鮑廷博前來借閲都遭到拒絶。鮑廷博跋《庶齋老學叢談》説：「吾友郁君潛亭所貽也，間有誤書，思之不適，聞某公有善本，欣然偕潛亭往借，秘不肯宣，是爲乾隆甲午。迨嘉慶甲子，始據錢功父本一掃烏焉之譌。往讀某公所著《清暇録》，歷數近來藏書家，而自述其儲蓄之富。曾幾何時，已散爲雲煙矣。」頗有些幸災樂禍的意思，以至葉昌熾《藏書紀事詩》爲汪氏抱不平：「訒庵敝帚自珍，誠爲可鄙。然淥飲於身後作快心之論，亦非長者之言也。」其實也難怪鮑廷博，因爲鮑氏藏書從不自秘，祇要有人假借，總是盡量滿足別人的需求，而他不過想借汪氏之書一校己藏，不意竟被拒絶，豈能不耿耿於懷乃至於怨恨。
汪啓淑歿後不久，其開萬樓藏書便散於坊肆間，至嘉慶十三年，盡爲杭州城隍山集古齋書鋪購去，黃丕烈《士禮居藏書題跋續録》：「己巳春，余爲武林之游，上城隍山索觀古書於集古齋、蓋其主人在杭城書估中爲巨擘，而去歲又新收開萬樓書也。」後來瞿氏鐵琴銅劍樓和陸氏皕宋樓亦曾收有開萬樓舊藏。《杭州府志·藝文》著録有「《開萬樓藏書目》，錢塘汪庚撰。」今未見流傳。",http://data.library.sh.cn/gj/entity/libliotheca/bi6ug3pto55nv7qs,,http://data.library.sh.cn/entity/person/m5vajbugblvvu1uw
21,曝書亭,"清初浙西藏書樓中，朱彝尊的曝書亭和潛采堂最爲有名。説起朱彝尊的藏書軼事，人們最容易想起的有兩件，一是他設宴「雅賺」錢曾的《讀書敏求記》，二是私抄史館藏書而被貶官。
朱彝尊（1629—1709）字錫鬯，號竹垞，浙江秀水（今嘉興）人。康熙十八年（1679）以布衣入選博學鴻詞科，授翰林檢討，與修《明史》，康熙二十二年入直南書房，頗得康熙賞識。
朱彝尊出身於書香世家。曾祖在明朝當過大學士，祖父曾任雲南楚雄知府，父親朱茂曙天啟間補秀水縣學生，家中原頗有藏書，然均燬於明末之戰火。
朱彝尊幼時家境貧寒，不得已而放棄科舉之路而肆力古學，博覽群書，年輕時曾客游南北，所到之處，以搜剔金石爲事。一次，朱彝尊在南昌書肆購得五箱圖書，攜歸貯滿一櫝，由此開始了他自己的藏書生涯。不料此後不久，「莊廷龍明史案」發，清政府大興文字之獄，朱彝尊家人唯恐無故株連，遂將朱彝尊藏書中涉及明史者，盡行焚棄。但朱彝尊並沒有因此而放棄收書之心，依然熱心於游訪故第名跡，偶遇項氏之後，聞有萬卷樓舊藏殘帙，即不惜重金購之。某年，朱彝尊到浙江任典試官，吏餘之暇，遍訪街巷坊肆，藏書名家。聞錢謙益之族孫錢曾著《讀書敏求記》，內多録有其家藏秘籍，惜無緣一睹爲快，遂設計宴請江左名士，席間，朱以錢物厚贈錢之書童，取出《讀書敏求記》，連夜抄爲副本。時人無版權之概念，惟念其愛書之情且深而切，乃謔稱之爲「雅賺」。
朱彝尊又喜抄書。在京師爲官時，身邊總帶著一個善於楷書的小吏爲他抄書。遇到四方經進史館之書，更是隨時抄録，不想竟爲忌者告發，因此被撤去了翰林檢討之官。然時人又因而稱之曰「美貶」。朱彝尊私心亦不悔，嘗作「銘文」曰：「奪儂七品官，寫我萬卷書，或默或語，孰智孰愚？」
歸官後，朱彝尊在嘉興梅會里老家築樓名「潛采堂」，名「曝書亭」。曝書亭的匾額爲朱彝尊的同年、著名學者嚴繩孫所書。當時嚴、朱二人再加姜宸英，曾有「海內三布衣」之稱。經過多年辛勤訪求，朱彝尊的藏書共多達八萬卷，其間又得友人上海李辰山所贈圖書二千五百卷。朱彝尊曾擬根據家中藏書編爲全目，惜未成。現傳世的書目有《竹垞行笈書目》一卷，收書七百餘種，《曝書亭書目》一卷，收書二千四百餘種，然似仍非朱氏藏書之全目；此外又有《潛采堂宋元人集目》、《潛采堂宋金元人集目》，是爲善本之目，朱彝尊最有名的目録之作爲《經義考》，這是一部有關經學的專科版本目録，在目録學史上有很大影響。
朱彝尊故世後，其藏書曾較完好地保存了數十年，乾隆間修《四庫全書》時，朱氏後人曾獻珍本六十八種供采録；然而再稍後，至阮元到浙尋訪曝書亭時，已是一片桑田，片瓦全無，此距彝尊謝世不過百年。想當初，朱彝尊去嘉興尋訪項氏天籟閣，見樓傾書散，空留門上詞客題詞，曾感慨曰：「墨林遺宅道南存，詞客留題尚在門。天籟圖書今已盡，紫茄白莧種諸孫。」真是滄海桑田，世事多變。幸阮元亦是性情中人，感到曝書亭在康熙年間曾名重一時，就此傾圮未免可惜，乃在原址上加以重建。現存的曝書亭，即是在阮元重建的基礎上重修的。",http://data.library.sh.cn/gj/entity/libliotheca/bzpz5fnzrz0eruam,朱彝尊,http://data.library.sh.cn/entity/person/l7biz76vvkqadvsu
22,傳書堂,"清末的浙江吳興，藏書大家輩出，陸氏皕宋樓和劉氏嘉業堂名聞遐邇，然若論世家藏書，則非蔣汝藻傳書堂莫屬。
蔣汝藻（1876—1954）字元采，號孟蘋，別署樂庵，清吳興人。光緒二十九年（1903）舉人，宣統中以捐貲官至學部總務司郎中。
蔣家藏書始於汝藻祖父和叔祖。汝藻祖父蔣維基，字厚軒，有「儷嬴館」和「茹古精舍」之藏，叔祖蔣維培，有「求是齋」藏書，兄弟各聚書約萬卷。太平天國時，蔣家藏書喪失大半，到蔣汝藻之父蔣錫紳時，僅剩遺書二十箱，錫紳爲承先輩藏書之業，乃名其所居爲「傳書堂」；及至蔣汝藻，服官北京，又久居上海，南北往來之際，頗留意於故家典籍，對祖藏散出之書收購尤力，又先後收得四明范氏天一閣、湘潭袁氏臥雪廬、同邑吳氏兩罍軒等家散出之書，不下數年，藏書便富稱海內。
蔣汝藻的鎮庫之寳爲宋刻周密詩集《草窗韻語》，爲蔣汝藻於一九一六年以一千五百元高價購得，此書數百年不爲人知，更難得的是全書字畫均依周密的手稿真蹟摹刻，十分難得，於是乃取作者名和書名各一字，別名其藏書所爲「密韻樓」。蔣汝藻曾出此書供同好玩賞，沈曾植呼之爲「妖書」，葉昌熾則稱之「尤物」，説是「紙墨鮮明，刻畫奇秀，出匣如奇花四照，一座盡驚……觸手古香，令人著録爲稀有奇珍也。」
一九一九年，蔣汝藻經羅振玉介紹，延聘王國維編撰《傳書堂藏書志》，至一九二三年五月王國維奉溥儀之命北上任「南書房行走」前後數年間，王國維一方面爲蔣汝藻檢校羣書，一方面利用傳書堂的豐富善本進行學術研究，可謂相得益彰。一九二一年，蔣汝藻又爲王國維排印《觀堂集林》。王國維曾回憶這段生活説：「余家無書，輒借諸居士，雖宋槧明鈔，走一力士取之，俄頃而至……余在海上時，視居士之書爲外府也。」（《觀堂遺墨·樂庵居士五十壽序》）王國維離滬時，《傳書堂藏書志》初稿已完成大半，以後在北京仍繼續編寫修訂，不幸後來蔣汝藻事業受挫，這部書志直到一九七四年，才由臺灣藝文印書館以蔣祖怡的校鈔本影印出版。在此之前，僅有《傳書堂善本書目》十二卷、補遺四卷流傳於世，題爲蔣汝藻編。
蔣家本以絲業致富，一九二五年，蔣汝藻因經商失利，不得已向浙江興業銀行典書償債，一九二六年轉歸商務印書館，「一二·八」之難，除事先轉移的二百部珍本外，蔣氏舊藏和涵芬樓其他藏書，全毀於日軍炮火；此二百部珍本，後經鄭振鐸介紹，歸入北京圖書館。蔣汝藻也曾熱心於出版事業，一九二三年，曾委托董康在北京刊印《密韻樓叢書》，計劃從所藏近百部宋版中，精選二十部影印傳世，亦因經商不利而半途而止，僅刻成《草窗韻語》等七部而已。",http://data.library.sh.cn/gj/entity/libliotheca/cte85ps2zlo5pjkj,蒋汝藻,http://data.library.sh.cn/entity/person/sxkp3i7kekv9kdfa
23,靜惕堂,"歷史上的藏書家大多以藏有若干秘籍而名於世。訪得珍本，視爲拱璧，秘而不宣，似乎是好古之士的通病。然清初浙西藏書家曹溶則以提倡古書流通以及撰《流通古書約》而在藏書史上享有獨特的地位。
曹溶（1613—1685）字潔躬，一字秋岳，號倦圃，別號鉏菜翁。浙江秀水（今嘉興）人。明崇禎十年（1637）進士，官御史，入清歷戶部侍郎、廣東布政使等職。
曹溶一生主要從事政治活動，吏餘則以著述和藏書爲樂，在京爲官時，堂上列書六、七千冊，人多往其家鈔讀。晚年在家鄉嘉興南湖之濱、原岳飛後人岳珂的讀書處金陀坊舊地上修治別業，號爲「倦圃」，聚書其中，暇則與賓客游觴飲樂。
曹溶與錢謙益交誼甚厚。錢謙益爲清初藏書大家，但和多數藏書家一樣，對孤本秘籍慳吝成性，絶不願借他人抄副，後絳雲樓遭罹火災，許多秘籍遂不復見於人間。有鑒於此，曹溶「偕同志申借書約，以書不出門爲期，第兩人各列所欲得，時代先後、卷帙多寡相敵者，彼此各自覓人寫之，寫畢各以奉歸」。這個倡議比較符合當時的實際情況，雖然書的作用在於流通，但對於善本佳刻而言，藏書家畢竟還要冒借出去後因各種原因收不回來的風險。而通過借抄的方法，可使好書不出戶庭，而古書卻得以流通，而且各人還可以因此增加自己的藏書。故很快得到崑山徐乾學、四明天一閣范氏等大藏書家的響應。
曹溶又很重視古書的輯佚。他説：「古人詩文集甚多，其原本首尾完善，流通至今者，不過十二三。自宋迄元，其名著集佚者，及今不爲收羅，將遂滅沒可惜。」所以他常從其他書中隨所見別出，補綴成編，以存古書的大概。
曹溶曾撰有《流通古書約》、《流通圖書約》，是爲中國藏書史上極有影響的文獻。曹溶又撰有《靜惕堂書目》二卷，原附丁日昌持靜齋舊抄本《絳雲樓書目》後，後由葉德輝收入《觀古堂彙刻書》；又有《靜惕堂藏宋元人集目》一卷，見於葉德輝《觀古堂書目叢刊》。",http://data.library.sh.cn/gj/entity/libliotheca/cy3gtc5kbo0qwy6u,曹溶,http://data.library.sh.cn/entity/person/ho30rdzhznwd6gx8
24,拜經樓,"清乾嘉期間，蘇州黃丕烈以「百宋一廛」稱名於世，當時可與其匹敵的惟浙江海寧的「千元十駕」。《東湖叢記》：「黃蕘圃主政『百宋一廛』，吳兔牀明經以『千元十駕』相敵。故老風流，猶令聞者色飛眉舞。」「百宋」、「千元」爲書林留下了無數佳話。
吳騫（1733—1813）字槎客，號兔牀，清海寧人，諸生。家有拜經樓，據《海昌備志》：吳騫「篤嗜典籍，遇善本傾囊購之弗惜。所得不下五萬卷，築拜經樓藏之。晨夕坐樓中，展誦摩挲，非同志不得登也」。吳騫《愚谷文存·桐陰日省編》則自述藏書曰：「吾家先世頗乏藏書，余生平酷嗜典籍，幾寢饋以之。自束髮迄乎衰老，置得書萬本，性復喜厚帙，計不下四五萬卷（分歸大、二兩房者不在此數）。皆節衣縮食，竭平生之精力而致之者也。非特裝潢端整，且多以善本校勘，丹黃精審，非世俗藏書可比。至於宋元本精鈔，往往經名人學士賞鑒題跋，如杭堇浦、盧抱經、錢辛楣、周松靄諸先生，鮑淥飲、周耕崖、朱巢欽、張芑堂、錢緑窗、陳簡莊、黃蕘圃諸良友，均有題識，猶足寳貴。」
「拜經」之名，取當時學者臧庸之例。臧庸字在東，武進人，家有拜經堂，故又自號拜經。乾隆四十五年（1780），拜經樓建成後，恰鮑廷博游新安，購得明代畫家所繪《拜經圖》，遂持以贈吳騫。吳騫曾有絶句曰：「學古名樓事偶符，故人攜贈出天都；祇緣箇里詩書氣，不共雲煙化緑蕪。」吳騫又與黃丕烈交好。黃氏以藏書多宋本，乃以「百宋一廛」自誇，吳騫聞知後，羨慕之餘，遂題其居曰「千元十駕」，意思是千部元版，完全抵得上百部宋版，好比駑馬十駕，勝過麒麟一躍。更絶的是，吳騫不僅在藏書樓名上，連孩子的字號上也充滿了「詩書氣」。吳騫次子吳壽暘出生那天，正好吳騫得到一部宋刻本《周禮纂圖互注重言重意》，即爲兒子取字爲「周官」。吳騫又曾訪得宋槧本百家注《東坡先生集》，因以「蘇閣」名其樓，其子壽暘成年後，吳騫舉以爲贈，壽暘大喜，遂自號蘇閣，壽暘曾取家藏拜經樓書中有題跋者彙録成冊，名爲《拜經樓藏書題跋記》。
吳騫一生並沒有顯赫的功名，學歷也僅「明經」而已，但學問上卻頗有些名氣。陳鱣序吳騫《愚谷文存》時説：「吳槎客先生品甚高、誼甚古、而學甚富，著作等身，故不屑爲流俗之文，夙共當世賢大夫相往還，與之上下議論。晚年益深造自得，遠近學者宗之。」黃丕烈亦敬重吳騫的這種執著的精神，遂以詩贈吳騫：「千元百宋競相誇，引得吳人道是娃。我爲嗜奇荒産業，君因勤學耗年華。良朋隔世亡雙璧，異地同心有幾家？真個蘇杭聞見廣，藝林佳話遍天涯。」
吳騫故世後，其子孫克承遺志，故拜經樓藏書整整保存了一百多年。吳騫曾撰有《拜經樓書目》二卷和《兔牀山人藏書目録》一卷。今存世的還有一部吳之澄撰《拜經樓書目》一冊，是爲吳騫之孫吳之澄的藏書目録，與吳騫的藏書目録內容迥異。吳氏拜經樓大約毀於太平天國之時，道光二十五年（1845）管庭芬再至海昌訪書，拜經樓已是「遺書塵封，問奇無自」了。",http://data.library.sh.cn/gj/entity/libliotheca/dktx2ctyh2op8yib,吴骞,http://data.library.sh.cn/entity/person/ty5reoa5vy6mm37x
25,皕宋樓,"清末四大藏書樓中，最引人矚目的莫過於歸安陸心源的皕宋樓了。因爲，所有皕宋樓寳藏，已經東渡日本，不再屬於國人所有。
陸心源（1834—1894）字剛父，號存齋，晚號潛園老人。浙江歸安（今湖州）人。年青時即好讀書，資質過人。咸豐、同治間，陸心源游宦東南，歸里後在城東蓮花莊北辟一小園，取名潛園，以藏書、校書終其一生。後人評説爲亦仕、亦學、亦紳。
陸心源爲宦期間，正值太平天國戰爭，社會極度動亂，各藏家之書紛紛散出，陸心源既饒有資財，本人又博學嗜書，於是乘機大量購進秘籍善本。陸心源藏書的最大部分來源於上海郁松年的宜稼堂，宜稼堂藏書之精，人稱「全國精華集於滬瀆，儼然乾嘉時之黃蕘圃也」。同治間宜稼堂書散出，陸心源約購得四萬八千冊，餘則多歸廣東丁日昌。此外，陸氏前後又購得諸如同縣嚴元照芳椒堂、福建陳徵芝帶經堂等名家藏書，及至光緒八年（1882），陸心源藏書已達到十五萬卷之多。
陸心源藏書樓名有三。一曰皕宋樓：「皕宋」即二百種宋本之意，清代中葉著名藏書家黃丕烈曾藏有宋本百種，故有「百宋一廛」之誇，陸心源名其樓爲「皕宋」，顯然有意以此壓倒黃丕烈的「百宋一廛」；二曰十萬卷樓：儲明清秘刻及精鈔精校；三曰守先閣：藏尋常之書。值得稱道的是，陸心源的守先閣藏書可供讀者觀覽，這對傳統藏書家來講，是十分難能可貴的。鄭觀應《盛世危言增訂新編》卷四「藏書」説：「近日則吳興陸氏之皕宋樓首屈一指，另建守先閣，請於大府，奏於朝廷，供一郡人觀覽，其大公無我之心，方之古人，亦何多讓。」李宗蓮《皕宋樓藏書志序》中把天一閣與皕宋樓相比較，以爲天一閣不及皕宋樓處有五，「皕宋則守先別儲，讀者不禁」，即是其中一條。尚須附帶説明的是，《辭海》一九七九年版、一九八九年版「陸心源」條均説陸氏守先閣藏明清刻本，十萬卷樓藏普通書，誤。當爲十萬卷樓藏明清刻本，守先閣藏普通書；《辭海》又説陸心源光緒時官至福建鹽運使，亦誤。事實是，陸心源只是在同治十一年，應李鶴年之召，調福建辦理鹽務而已，且有清一代，福建僅有正四品的「鹽法道」，似未設過從三品的「鹽運使」。俞樾《廣東高廉道陸君墓志銘》：「十一年……，奏調赴閩……，奏署鹽法道。」可證。近年各有關陸心源傳記資料之誤，或皆源於《辭海》。謹正。
陸心源著述甚豐。有關藏書方面主要有《皕宋樓藏書志》一百二十卷，《續志》四卷，《儀顧堂題跋》十六卷，《續跋》十六卷，均有相當的目録學價值。陸心源所刊《湖州叢書》、《十萬卷樓叢書》，在近代出版史上亦有一定影響。
不幸的是，陸心源故世後不久，全部藏書就被其子陸樹藩以十萬日元價格賣給了日本巖崎氏的靜嘉堂，從此國人難以再見皕宋樓舊藏。",http://data.library.sh.cn/gj/entity/libliotheca/dz0xbuda0y7obadz,陆心源,http://data.library.sh.cn/entity/person/fy3c96t9985r5yeo
26,木犀軒,"在我國藏書史上，好古者爭奇鬬秘，或以「百宋」自誇，或以「千元」留名、或以「皕宋」傳世，足見宋元本對鎮庫之重要。近代平津一帶藏書家，除傅增湘外，藏書既多且精者，則非李盛鐸莫屬。
李盛鐸（1859—1934）字嶬樵，一字椒微，號木齋，晚號麐嘉居士，江西德化人。光緒十五年（1889）進士，歷任翰林院編修、國史館協修、江南道監察御史、京師大學堂總辦、出使日本大臣、出使比利時大臣，出使各國政治考察大臣、山西提法使、山西布政使、山西巡撫；入民國後，又曾任大總統顧問、參政院參政、國政商榷會會長等職。在歷代藏書家中，有如此政治生涯者，應是罕見。
李氏木犀軒始於李盛鐸曾祖李恕，李恕於道光初年在九江築木犀軒，藏書十萬，不幸燬於太平天國時期；及李盛鐸父親李明墀，「生平好藏書，廉奉所餘，輒購置經籍，所藏多至數十萬卷」。到李盛鐸時，木犀軒藏書遂名重海內。
李盛鐸經營藏書五十年，首先是光緒初年收得湘潭袁芳瑛臥雪廬珍籍，由此奠定了木犀軒善本的基礎。袁芳瑛爲咸豐時藏書大家，曾購得孫星衍平津館等江南典籍之精華，袁氏歿後，其子榆生售書，時李盛鐸隨其父宦游長沙，盡得臥雪廬之珍品。二是李盛鐸出使日本期間，得日本目録學家島田翰之助，訪得不少國內佚書和日本、朝鮮的古刻本。三是當時被伯希和等人劫餘的敦煌卷子運至北京時，李盛鐸曾利用職務之便，私扣許多精品歸諸己藏。再加上其父親所遺之書，及李盛鐸零星訪得楊氏海源閣等各藏家散出之秘籍，木犀軒藏書總數最盛時有萬種以上，其中僅宋元本就達三百種之多，其他舊抄本、稿本、批校本無數，其價值亦不亞於古刻舊槧。李盛鐸生前已對藏書作過初步整理，編有《木犀軒收藏舊本書目》、《木犀軒宋本書目》、《木犀軒元版書目》等。
李盛鐸不僅是大藏書家，也是很有成就的版本學家和目録學家，木犀軒藏書中有很多都經他親手校勘，而且十分認真。李氏曾寫過許多藏書題記、題跋、提要等。一九一六年，李盛鐸在爲袁克文藏宋版兩浙東路茶鹽司刻本《禮記正義》所作跋中，首先提出了注疏合刻始於黃唐之説，這一見解在版刻史上有重要意義。北京大學圖書館曾將李盛鐸本人爲木犀軒藏書所寫的題記和書録彙編爲《木犀軒藏書題記及書録》，北大出版社一九八五年出版。
木犀軒藏書於一九三五—一九三六年間有所散出，或質於個人、或押於銀行，李盛鐸病逝後，更有國外欲以重金收購之傳。爲防國寳外流，當時北平圖書館館長袁同禮曾邀傅增湘、胡適赴天津與李家洽談收購，後因價格問題，再加上抗戰爆發而擱淺。一九三九年，李盛鐸之子李滂在天津汪僞政府任職，舊事重提，結果由臨時政府以四十萬元整體收購，交北大圖書館收藏。建國初年，在趙萬里先生主持下，北大圖書館編出《北京大學圖書館藏李氏書目》三冊，計收録木犀軒舊藏九〇〇八七種、五八三八五冊，凡經李氏校跋之書一一注明，這些題跋，即上述北大出版社一九八五年出版的《木犀軒藏書題記及書録》。",http://data.library.sh.cn/gj/entity/libliotheca/eycf4a8vhyv31oqa,李盛铎,http://data.library.sh.cn/entity/person/tqezgiuzexhsyi9x
27,妙賞樓,"明代杭州西湖蘇堤跨虹橋畔，曾住過一位著名的戲曲家兼藏書家，那就是寫有《玉簪記》和《節孝記》的妙賞樓主高濂。
高濂字深甫，號瑞南，明仁和（今杭州）人，以戲曲名於世。
高濂的藏書觀頗具實用意識，曾自述藏書曰：「夢寐嗜好，遠近訪求，自經書子史、百家九流、詩文傳記、稗野雜著、二氏經典，靡不兼收。故嘗耽書，每見新異之典，不論價之貴賤，以必得爲期。」
作爲酷愛讀書的文人，高濂曾深深感嘆至今尚有現實意義的「家素者無資以蓄書，家豐者性不喜見書」現象，同時也對那些附庸風雅的富而好書者提出批評，認爲他們「不樂讀誦，務得善本，綾紋裝飾，置之華齋，以具觀美」，以致「塵積盈寸，經年不見主人一面，書何逸哉」！當然，他認爲畢竟還是勝於那些不喜見書的富豪。但高濂又以爲，真正的讀書人，應該「無問冊帙美惡，意惟欲搜奇索隱，得見古人一言一論之秘，以廣心胸未識未聞」。而他自己積書充棟時，則「類聚門分，時乎開函攤幾，俾長日深更，沈潛玩索，恍對聖賢，面談千古，悅心快目，何樂可勝」。這些見識，確實高乎一般的藏書家之上。
高濂又精於鑒別版本。其《遵生八箋》第六箋《燕閒清談箋·論藏書》曾對鑒別宋、元版本的方法，以及明代僞造宋版書的種種手段作過詳細的論述。他揭露説：「國初慎獨齋刻書，似亦精美，近日作假宋版書，神妙莫測。將新刻模宋版書，特鈔微黃厚實竹紙，或用川中繭紙，或用糊褙方簾綿紙，或用孩兒白鹿紙，筒卷用槌細細敲過，名之曰刮，以墨浸去臭味印成。或將新刻版中殘缺一二要處；或濕霉三五張，破碎重補；或改刻開卷一二序文年號；或貼過今人注刻名氏，留空另刻小印，將宋人姓氏扣填兩頭角處；或妝摩損，用砂石磨去一角；或作一二缺痕，以燈火燎去紙尾，仍用草煙熏黃，儼狀古人殘傷舊跡；或置蛀米櫃中，令蟲蝕作透漏蛀孔；或以鐵綫燒紅，隨書本子委曲成眼，一二轉折。種種與新不同，用紙裝襯綾錦套殻，入手重實，光膩可觀，初非今書仿佛，以惑售者。或作夥囤，令人先聲指爲故家某姓所遺。百計瞽人，莫可窺測，收藏家當具真眼辯證。」這些經驗之談，極受後來藏書家和版本學家的重視。",http://data.library.sh.cn/gj/entity/libliotheca/f33rs2goej0s5xas,高濂,http://data.library.sh.cn/entity/person/oe53c0a5yp3ir26b
28,四當齋,"南宋著名藏書家尤袤癡書，曾自謂「飢讀之以當肉，寒讀之以當裘，孤寂而讀之以當友朋，幽憂而讀之以當金石琴瑟」。七百年後的又一位書癡章玨，即取尤袤此意，名其居室爲「四當齋」，以示仰慕先賢。
章玨（1865—1937）字式之，一字堅孟，又字茗理，別署蟄存、充隱、鷗邊等，晚號霜根老人。清長洲（今江蘇蘇州）人。光緒二十九年（1903）進士，官刑部主事；光緒三十三年，入端方幕中，曾任京師圖書館纂修等職；辛亥革命後退居天津，以校書爲業；民國三年（1914）應聘爲清史館纂修，又講學「崇化學會」十餘年。
章玨早年家境貧困，直到他在光緒十五年（1889）中了舉人，家境有所好轉之後才開始藏書。章玨深知自己的藏書來之不易，故當其所藏達到十二篋時，便在篋面標以清嘉慶間著名藏書家陳鱣的藏書印文「得此書，費辛苦，後之人，其鑒我」十二字。陳鱣此印在藏書史上十分有名，凡珍秘之本，必與另一肖像並鈐書上。章玨最大的成就在於校書，尤其進入民國以後，每日丹黃不倦，據統計，章氏一生手抄、手校之書多達一萬五千卷，爲近代校勘史上除傅增湘以外最大的一位校讎家。如果考慮到年壽及生活條件等因素，章玨的校書精神，未必讓於傅增湘。
章玨藏書將近五十年，四當齋所藏共三千餘部，七萬餘卷，雖無法與動輒數十萬卷的大藏書家相頡頏，但多抄本、校本，別是一種珍貴。章玨故世後，其遺孀王丹芬將藏書全部捐贈給曾就讀的燕京大學。一九三八年，業師顧起潛（廷龍）先生爲編《章氏四當齋藏書目》三卷行世。",http://data.library.sh.cn/gj/entity/libliotheca/f6p1vr26062y5ejt,章钰,http://data.library.sh.cn/entity/person/ocvtxlgourpj3qtw
29,紅雨樓,"與江浙一帶相比，歷史上福建籍的大藏書家不算很多，但明朝末年的徐??卻不愧爲中國藏書史上名副其實的大家。
徐??（1570—1654）字惟起，又字興公，福建閩縣人。生性恬淡，終生布衣。萬曆間與曹學佺主持閩中詞盟，時人稱爲「興公詩派」。
徐??自幼性嗜典籍，博聞強識，嘗自謂：「人生之樂，莫過於閉戶讀書。」故家境雖不富裕，於收書卻不遺餘力。徐??藏書樓名紅雨樓，經過幾十年的積聚，其紅雨樓藏書共達五萬三千餘卷。徐??有一篇《藏書屋銘》，是他一生淡泊名利、究心學問的真實寫照。《銘》曰：「少弄詞章，遇書輒喜。家乏良田，但存經史。先人手澤，連篇累紙，珍惜裝潢，不忍殘毀。補缺拾遺，坊售肆市。五典三墳，六經諸子，詩詞集説，總兼樂府，稗官咸備。藏蓄匪稱汗牛，考核頗精亥豕。雖破萬卷之有餘，不博人間之青紫。茗椀香爐，明窗靜幾，開卷朗吟，古人在此。名士見而嘆嘉，俗夫聞而竊鄙。淫嗜生應不休，癡癖死而後已。此樂何假南面百城，豈曰誇多而鬬靡者也。」
紅雨樓藏書以子部藝文類爲特色，其中又以明代藝文最爲齊備，論者以爲僅次於黃虞稷之千傾堂。徐??本人又精於考證，所藏之書，大多「點墨施鉛」，撰有序跋。從中可見其悉心學問的精神。徐??又曾仿鄭樵《通志·藝文略》和馬端臨《文獻通考·經籍考》之例，撰《紅雨樓家藏書目》四卷，是目卷三子部傳奇類收元明雜劇和傳奇一百四十種，而集部中《明詩選》部分更詳注作者履歷，是有關明代藝文的寳貴資料。
徐氏收書，主張「傳布爲藏」，即收藏圖書是爲了流傳給更多的人閲讀。這種思想，對近代中國圖書館事業的發展，有相當積極的作用。
徐??一生著述甚豐，流傳至今，有關目録學和校勘方面的，除《紅雨樓家藏書目》外，還有《紅雨樓題跋》和《筆精》等。清代洪亮吉曾經將歷代藏書家分爲考訂家、校讎家、收藏家、鑒賞家、掠販家數等，徐□大概可以算爲典型的考訂家或校讎家了。",http://data.library.sh.cn/gj/entity/libliotheca/grlis2qx4o5edusq,徐火勃,http://data.library.sh.cn/entity/person/grm4n01nn4xa88ay
30,宜稼堂,"江南各大文化名城中，上海開埠最晚，宋元時尚屬不發達地區，故歷代大藏書家鮮有出自上海。清代中晚期，隨著上海經濟的發展，故家秘籍逐漸流向上海，由是上海藏書家悄然崛起，其中名聲最大的當數郁松年的宜稼堂。
郁松年（1799—1865）字萬枝，號泰峰。清上海南翔人。松年之父於道光年間在上海創「郁森盛沙船號」，鼎盛時有大小沙船近百艘，又在上海、松江、太倉等地擁有豆號、米店、醬園、當鋪等實業數十家，時稱「郁半城」，爲上海首富之家。
郁松年好讀書，但直到道光二十五年（1845）四十六歲時才考取恩貢生。然而，郁氏憑借自己強大的經濟實力，廣收海內秘冊，凡宋人典籍，有未刻或刻而版廢者，不惜重貲，以羅置鄴架，時藝蕓書舍、小讀書堆、五硯樓等故家之藏，盡歸郁氏所有。松年遂在其老宅（今喬家路77號）建宜稼堂，聚書數十萬卷，一時名聞大江南北。
郁松年潛心校讎，又熱心於刻書，道光二十一年（1841），擇家藏中世所罕見之元明舊本，刻成《宜稼堂叢書》十二種二五五卷。不幸，郁松年生活於社會動蕩之時，故其藏書，祇是曇花一現而已。咸豐三年（1853）上海小刀會起義，郁家大宅被佔用，小刀會故意強取郁家藏書引火，迫使郁松年出錢保障其藏書的安全；此後咸豐十年（1660）李鴻章來上海，有事無事光臨宜稼堂，郁松年遂「自願」將李鴻章所稱贊的好書一一奉送李氏；最有意思的是同治三年（1864）丁日昌接替應寳時署理上海道臺時，竟不顧體面親自扮演孔乙己，把宜稼堂珍本偷偷藏入轎底，郁氏家人見是道臺竊書，不敢阻攔，後經應寳時調停，丁日昌才將部分藏書歸還郁氏。
郁松年歿後，宜稼堂藏書分別爲楊氏海源閣、瞿氏鐵琴銅劍樓、陸氏皕宋樓、丁氏持靜齋所得。陸心源和丁日昌原是好友，且均爲讀書藏書大家，然爲爭購郁氏舊藏，竟至翻臉，由此可見宜稼堂藏書之精。繆荃孫曾收藏過《宜稼堂書目》一冊，其《藝風藏書續記》云：「舊抄本。羣書雜糅，內爲丁中丞、莫偲老、洪琴老借去之書，均有單附內，似泰峰身後庀書之賬。」",http://data.library.sh.cn/gj/entity/libliotheca/gsrsffd5hqq4cglr,郁松年,http://data.library.sh.cn/entity/person/scuhver4l1jg72pz
31,菉竹堂,"按照一般的規律，藏書家必然有一藏書樓，或大或小，或豪華，或簡陋，但總有一專門的藏書之處，然而明代江蘇的藏書大家葉盛卻沒有這份一般人習以爲常的幸運，雖然他的菉竹堂名聲在外，但書樓卻是在他死後，由其孫葉恭煥建成的。
葉盛（1420—1474）字與中，號蛻庵，明江蘇昆山人。正統十三年（1448）進士，官至吏部左侍郎。王世貞《菉竹堂記》云：「生平無他嗜好，顧獨篤於書，手自抄讎，至數萬卷。」
葉盛曾長年在邊鎮爲官，受條件限制，讀書、聚書都十分不便，但無論官邸移至何處，他身邊總是帶著幾個專門抄書的人，長年爲他抄書。每抄成一書，他必認真校閲，並且鈐上他的官印爲記，原鐵琴銅劍樓藏葉盛舊物《論語》上即有「鎮撫燕雲關防」、「巡撫宣府關防」印記。錢大昕《江雨軒集跋》説他：「服官數十年，未嘗一日輟書。」及至晚年，葉盛藏書積至四千六百餘冊，共二萬二千七百多卷，爲當時江蘇藏書家之首。葉盛曾欲建樓專門庋藏這些圖書，並取《衛風·淇奧》「學問自修」之義，名其樓曰「菉竹」，但最終卻因清貧而未能建成。葉盛曾編有《菉竹堂書目》六卷，但後人以爲許多奇秘者並沒有編入書目中。
和所有藏書家一樣，葉盛希望自己的子孫也能像他一樣愛書、讀書，他曾寫過一段很有意思的《書櫥銘》：「讀必謹，鎖必牢，收必審，閣必高。子孫子，惟學斅，借非其人亦不孝。」後來，葉盛的子孫確能遵守他的教訓，愛惜他的這份特殊的遺産。葉盛去世後，其孫葉恭煥竟其遺志，終於建起了菉竹堂。葉恭煥字伯寅，號括蒼山人。書樓落成後，葉恭煥把祖上遺書移存堂內，又把以前親友們從祖父處借走的書收歸菉竹堂。據説直至葉盛死後一百多年，菉竹堂尚能「扃鑰未疏」。後代子孫亦不乏藏書家。",http://data.library.sh.cn/gj/entity/libliotheca/h58jz1fv8mj7w5v1,叶盛,http://data.library.sh.cn/entity/person/bamu804s152reg4o
32,古歡堂,"歷來藏書名家，多爲家饒資財者，或高官名宦、或書香世家、或富商巨賈、或鄉紳財主，非有力者難以與其事也。但亦不乏家貧而嗜書，乃至借抄爲主要藏書來源的書林奇聞，清乾嘉中的吳翌鳳就是這樣一位寒士書癡。
吳翌鳳（1742—1819）字伊仲，號枚庵，晚號漫叟，清江蘇吳縣（今蘇州）人。嘉慶時諸生。好藏書、工詩文、擅書畫、通金石，於學無所不窺，以多才多藝名於世。
吳翌鳳生活於貧寒之家，平時所能購者，惟零星小冊而已，對於長篇巨製，則無由問津，故其聚書，比起其他藏家，不知艱難多少倍。吳翌鳳藏書的主要方法之一是借抄。吳騫《愚谷文存·桐陰日省編》：「伊仲家吳趨，甚貧而有書癖，凡收藏家珍祕善本，罔不宛轉借鈔，且手自校勘。」戴延年《摶沙録》論及吳翌鳳藏書時則説：「酷嗜異書，無力購致，往往從人借得，露鈔雪纂，目爲之眚。」有段時間，家裏窮到揭不開鍋，但吳翌鳳依然十分坦然。石韞玉《吳枚菴先生墓志銘》描述吳翌鳳説：「性樂閑靜，外通內合，家無擔石儲，而口不言貧。」戴延年贈吳翌鳳詩中則有十分寫實的敘述：「兒童報道晨煙斷，余事青山換米來。」意思説孩子來告訴他家中無米入鍋，吳翌鳳很平淡地説別急，一會我去砍柴換米做早飯。短短兩句，而安貧沉靜的寒士精神躍然紙上。
吳翌鳳又多與當時的藏書名家如拜經樓吳騫、知不足齋鮑廷博、抱經堂盧文弨等人談書論文，相與甚歡，還常從他們那裏借來善本校勘，並手録成冊。其《古歡堂經籍略序》説：「邇年來傳抄頗廣，於吳則青芝堂張氏、滋蘭堂朱氏、抱蜀軒王氏、甫里嚴氏，於浙則抱經堂盧氏、知不足齋鮑氏、拜經樓吳氏，俱不吝以善本相餉。」吳翌鳳又善書法，秀逸近似董其昌，故其抄本爲後人特別看重。鮑廷博曾跋《游記續編》曰：「枚庵書法秀逸，手書祕冊幾及千卷，今之錢罄室也。」錢罄室即明代中葉的著名書畫家兼藏書家錢穀，當時錢穀也是「無力購致則手自抄寫，幾於充棟，至老不衰」，書林稱奇。
吳翌鳳大約在四十五歲時仿《郡齋讀書志》和《直齋書録解題》例，編成藏書目録第一集《古歡堂經籍略》，是爲經部，計收書一百三十種，原計劃全書爲十餘集，但因此後即離開了家鄉而未編出。乾隆五十二年（1787），即編成《古歡堂經籍略》不久，吳翌鳳應湖北巡撫姜晟之聘，攜家入楚，先是在姜家做他兒子的老師，後來又到湖南瀏陽任南臺書院山長，前後將近三十年。等他七十餘歲返回家鄉時，寄存在親友家的藏書已被賣掉大半，令人嘆息。但吳翌鳳並未從此灰心喪氣，依舊借書、抄書，樂此不疲。晚年時他還請人爲他畫有一幅《借書圖》，許多藏書家爲之題詩，其中王芑孫的詩爲：「君昔富搜羅，藏家所爭詫。偶食武昌魚，儵然皆羽化。晚歸空四壁，往夢付嚄唶。雖無千金市，幸可一瓻藉。久亡憶之頻，驟得喜如乍。昏鐙摩老眼，積漸仍滿架。圖成應自哂，茲身亦傳舍。」可謂吳翌鳳一生的真實寫照。",http://data.library.sh.cn/gj/entity/libliotheca/hhap1dctsmutaahv,吴翌凤,http://data.library.sh.cn/entity/person/wrrx5g86mx0tlhv7
33,觀古堂,"治我國版本目録學乃至中國文化史學者，恐怕無人不曉葉德輝的《書林清話》，這是一部在近代學術史上與葉昌熾《藏書紀事詩》並行的書林名著。
葉德輝（1864—1927）字奐彬，號直山，別號郋園，清湖南湘潭人。光緒十八年（1892）進士，與張元濟、李希聖爲同年，三人均分部主事，葉德輝到吏部不久便辭官歸湘里居，並以提倡經學自任。
葉家先世爲江蘇吳縣人，至其祖父葉世業因避兵亂才於道光末年移居湖南，故葉德輝好自稱爲吳人，還曾主持修纂過《吳中葉氏族譜》。葉家原先略有藏書，葉德輝自己則是在光緒十二年入京會時，每天到琉璃廠、隆福寺書肆訪書而開始了他的藏書生涯。以後無論鄉居湖南還是游覽京師亦或滯留吳中，他都隨時留心收羅。光緒年間湘潭藏書大家袁芳瑛臥雪廬書散出，精品多爲李盛鐸所得，葉德輝在財力和權勢上都無法和李盛鐸抗爭，但收拾殘零，所獲亦十分可觀。以後，葉德輝又在北京購得商丘宋氏緯蕭草堂和曲阜孔氏紅櫚書屋舊藏二十箱，至辛亥革命之年，葉氏觀古堂藏書已達四千餘部、二十萬卷之多。以後又有所續藏，葉德輝之子葉啟倬《觀古堂藏書目録跋》曾描述説：「家君每歲歸來，必有新刻舊本書多櫥，充斥廊廡間，檢之彌月不能罄，生平好書之癖，雖流離顛沛固不易其常度也。」
葉德輝治學以經學、小學爲主，故觀古堂所藏頗多此二類之書，尤以清人的經義著述爲多；又因爲葉氏很欣賞陳文述、舒位所撰《乾嘉詩壇點將録》一書，並有意繼起彙輯《乾嘉詩壇點將録詩徵》，故又特別注意搜集乾嘉的詩文集，先後收得一百多家，一一爲之撰寫提要，記述作者生平事跡、詩源派別源流等。葉德輝藏書不佞宋，所以他十分推崇張之洞《書目答問》以清刻爲主、不列宋元舊刻的做法，在其名著《書林清話》中也一再批評藏書家們「薄今愛古」的偏弊，他自己的藏書甚至以咸豐二年桂馥所刻的《説文解字義證》爲鎮庫之寳，就此可知葉氏的基本藏書觀。但觀古堂亦藏有一些古本，如宋刻《韋蘇州集》、《玉臺新詠》、《南嶽總勝集》等。用葉德輝自己的話説：「宋元本雖不多見，亦時有一臠之嘗。」
葉德輝的藏書目録有《觀古堂藏書目録》四卷，是目初編於光緒二十七八年間（1901—1902），辛亥革命時「避亂縣南朱亭鄉中，重編此目」，以後陸續修訂，一九一五年刻於觀古堂。葉德輝又有《郋園讀書志》十六卷，是爲葉氏的題跋彙録，一九二八年上海澹園刊，其中第十一至十四卷爲《乾嘉詩壇點將録徵目》。
葉德輝也是清末的大刻書家，曾刻有《觀古堂彙刻書》、《觀古堂所刊書》、《麗樓叢書》、《雙梅景闇叢書》、《觀古堂書目叢書》等。葉德輝曾將家藏宋版《南嶽總勝集》影摹刊行，據説達到維妙維肖的程度，甚至連精於版本的楊守敬也誤以爲真宋本而不惜高價購置。一九三五年，葉氏後人就其生前所刊、所著書版片尚存者，彙輯成《郋園全書》一二九種、二百冊，以「中國古書刊印社」名義刊行。
葉德輝的著述以《書林清話》影響最大。當時，葉德輝有感於葉昌熾的《藏書紀事詩》以藏書家軼事爲主，而無歷代版刻及校勘故實，乃別辟蹊徑，成《書林清話》十卷，以後又撰成《書林餘話》二卷，一九五七年古籍出版社出版有合印本，又有一九八七年中華書局影印本。
觀古堂藏書在抗日戰爭時被其子賣給了日本人，這是我國典籍自皕宋樓後又一次大規模外流，現國內僅零星藏有觀古堂舊物數十種而已。",http://data.library.sh.cn/gj/entity/libliotheca/j7h2cp6d4v48whg8,叶德辉,http://data.library.sh.cn/entity/person/87qnv3wyurb565i1
34,治廧室,"治中國文化史和藏書史者，幾乎無人不知葉昌熾的《藏書紀事詩》。作爲一種匯藏書家於一編的專門體裁，《藏書紀事詩》爲後來續補仿作者奉爲圭臬。被譽爲「書林之掌故，藏家之詩史」。
葉昌熾（1849—1917）字頌魯，號鞠裳，晚號緣裻，清江蘇長洲（今蘇州）人。昌熾一生坎坷，家境貧寒，門祚衰絶，不得不爲生計而奔波。自光緒二年（1876）中舉後，直到光緒十五年（1889）才與他的學生江標一起會試同榜及第，官至甘肅學政。晚年杜門校書，絶不與聞民國事。
葉昌熾藏書樓名治廧室，又名辛臼簃、奇觚廎、名哲經倫樓等。由於經濟能力的限制，葉昌熾藏書中舊刻秘本並不多，可舉者僅宋刻《廣韻》、《竹友集》等寥寥數種，新舊藏書總數約一千部，但葉昌熾收藏碑帖的質量相當高，其五百經幢館有碑拓八千通，後因得宋拓本《李思訓碑》和金拓本《李秀碑》，以二李在唐朝府官居雲麾將軍，又名其閣爲「雙雲」。
葉昌熾學識宏富，當時許多藏書家聞名與他訂交，如書鈔閣蔣氏、滂喜齋潘氏、鐵琴銅劍樓瞿氏、嘉業堂劉氏等，均曾先後延請昌熾爲他們校勘。光緒十年，昌熾館於滂喜齋，既見潘氏藏書之富，又嗟嘆天下和自己一樣貧而好書的人不知多少，乃發爲古來藏書家立傳之願，這也就是後來享譽書林的《藏書紀事詩》。《藏書紀事詩》成於光緒十六年，初爲六卷，光緒二十三年，江標在湖南學政任內刻入《靈鶼閣叢書》；宣統元年（1909），葉昌熾再行修訂增刪刻爲定稿七卷；一九八九年，上海古籍出版社出版有王欣夫補正本，內容更爲翔實。葉昌熾一生撰述極多，其中最爲著名的，除《藏書紀事詩》外，還有《語石》以及卒後刊行的《緣裻廬日記抄》。
葉昌熾生前未曾將全部藏書編目，宣統二年整理書架後也僅含糊説及新舊藏書共三十三箱，精本一架，不全本三架，拓片九箱。《緣裻廬日記抄》曾記説：「二十年塾師，二十年宦游，十束之脡，五斗之奉，盡於此矣。」然而與《藏書紀事詩》中千百藏書家一樣，葉昌熾的藏書，也難免於聚散之必然。葉氏生前爲生計所迫，且門祚既絶，托付無人，乃將所藏碑版八百通廉值售歸劉世珩聚學軒，他曾在日記中寫道：「物得所歸，亦不必求善價」，「鄙人此舉三十年精力所聚，棄如敝屣，不過忍痛一割，爲療貧計」。聚學軒書散出後，其碑拓輾轉爲業師潘景鄭先生收得，建國後全部捐贈上海圖書館。葉氏治廧室藏書抗戰前已有部分散出，抗戰後其家屬編成《治廧室善本書目》求售，曾有人在報上呼吁收爲公有，結果不了了之，此後似無蹤跡可尋。",http://data.library.sh.cn/gj/entity/libliotheca/j8i3uwvs47c4733o,叶昌炽,http://data.library.sh.cn/entity/person/lovqisjdk4jtuuxr
35,向山閣,"清代中葉，浙西藏書家名聲鵲起，除了吳騫的千元十駕堪與黃丕烈百宋一廛匹敵以外，陳鱣的向山閣也是有相當實力和影響的藏書樓。
陳鱣（1753—1817）字仲魚，號簡莊，浙江海寧人，嘉慶三年（1798）舉人。陳鱣性嗜典籍，尤其精於經學和訓詁之學，曾與當時著名學者錢大昕、翁方綱、段玉裁研討文字，並據珍藏之秘本，互相質疑問難爲樂。阮元《定香亭筆談》稱他：「於經史百家靡不綜覽」，「浙西諸生中經學最深者也」。
在江浙衆多藏書家中，陳鱣與同邑吳騫和蘇州黃丕烈交誼最深。吳騫家有宋刊《臨安志》三種，因以「臨安志百卷人家」自稱。其實，陳鱣家亦藏有此三志，而且吳騫的《淳祐臨安志》六卷還是從陳鱣處抄録的，故後來吳騫給陳鱣的唱和詩中有「與君鼎足藏三志」句，鼎足的另一家是杭州的孫氏壽松堂。陳鱣嘗作《經籍跋文》，吳騫於嘉慶十八年以八十一歲高齡爲之作序，云：「予與簡莊孝廉少日皆酷嗜書籍，購置不遺餘力。凡經史子集，得善本輒相互傳觀，或手自校勘相質，蓋數十年如一日云……簡莊精敏果鋭，強於記誦，而能專意於經學，又克廣攬窮搜。今觀所撰諸經跋文，鈎深索隱，凡古本之爲後之妄人竄亂芟併者，莫不審攷其原來次第，而字之更改淆混者，一一校正，令人復得見本來面目，不其偉而。」
陳鱣與黃丕烈之交稍晚。管庭芬《經籍跋文書後》説：陳鱣「晚客吳門，聞黃蕘圃百宋一廛九經三傳各藏異本，於是欣然定交。互攜宋鈔元刻，往復易校，疏其異同，精審確鑿，其功與攷定石經無以異。暮年歸隱紫薇講舍，手自鈔撮成書，凡十有九篇，署曰《經籍跋文》」。爲了訪求珍本，陳、黃二人有時也不免成爲競爭對手。據陳鱣《經籍跋文》記載：嘉慶十一年十月，吳縣著名書賈五柳居得到汲古閣影宋寫本《周易集解》，索價十金，陳鱣正有意買下，黃丕烈也派人來買，但陳鱣不願將書讓於黃，不料黃丕烈竟因此臥病數日。陳鱣「欲其速愈也，因讓之，乃竟如其值買之，病果起，遂以香楠製櫝而藏。是冬除夕祭書，此書其首列」。黃氏晚年貧困，這部書最後還是以三十金的代價讓歸陳鱣。黃丕烈也有與陳鱣交往的記載。陳鱣有一小舟，仿毛晉《津逮秘書》之意，名曰「津逮舫」。《士禮居藏書題跋記》：「萃古齋送來《吳志》二十卷，專刻本。明日，訪友城西，出金閶門，至海寧陳仲魚寓中，出此相賞，並告以欲往山塘書肆，遂借仲魚舟同往。其艙有一小榜曰『津逮舫』，余謂仲魚曰：『君好書，故所乘舟以是名之，今借此訪書，則若預知有是事也。』我兩人不覺掀髯而笑。」
陳鱣晚年於海寧硤川紫薇山構樓曰「向山閣」，藏書十萬卷，多宋元刻本和清代罕見之書，惜無書目流傳。陳鱣下世之後不數載，所藏之書即作雲散，其中部分歸同邑馬瀛之漢晉齋，部分落入湖州書賈之手。",http://data.library.sh.cn/gj/entity/libliotheca/kaj2wiuka7xz813q,陈鳣,http://data.library.sh.cn/entity/person/1lalwknne0nb0g8e
36,萬卷樓,"説起寧波天一閣，藏書界可謂無人不知。但事實上，天一閣藏書的一個重要來源卻是不爲人們所熟知的同郡豐坊的萬卷樓藏書。
豐坊（1492—1563？）字人叔，一字存禮，後更名道生，字人翁，號南禺外史，明鄞縣（今寧波）人。嘉靖二年（1523）進士，授吏部（一説禮部）主事，改南考功主事，因吏議免官。
豐氏原爲鄞縣之大姓，歷代爲官，代出聞人。豐坊自己博學工文，尤精書法，家有萬卷樓，藏書數萬卷，負郭田千餘畝，盡鬻以購法書名帖，又常夜以繼日，心摹手追，故書學極博，五體並能，晚年更是潦倒於書淫墨癖之中。黃宗羲《豐南禺別傳》曾對他有很形象的描寫：「讀書注目而視，瞳子嘗墮眶外半寸，人有出其左右，不知也。」豐坊不善治家理財，故後來家財喪失殆盡，其萬卷樓藏書中的宋槧和寫本，爲門生輩竊去十之有六，後又不幸遭大火，故所存佳本已無多。豐坊原與天一閣范欽交往頗深，早時范欽曾從萬卷樓抄書，豐坊亦曾爲范欽作《藏書記》，故萬卷樓劫餘之書盡售與天一閣，也就是順理成章之事了。
令豐坊在藏書史上留下「惡名」的是因爲他曾僞造了不少「古書」。如《河圖》石本、《魯詩》石本、《大學》石本，豐坊謬稱是其祖先清敏公於北宋間得之於秘府；又有朝鮮《尚書》、日本《尚書》，謊説是其曾祖豐慶得之於驛館。吳焯《繡谷亭薰習録》評説：「其著述未免欺人，其翰墨洵可傳世也。」全祖望《天一閣藏書記》則譏爲「貽笑儒林，欺罔後學」。就現代心理學觀點而言，豐坊恃才傲物卻懷才不遇，以至於滑稽玩世，徜徉自恣，目空古今，再加上「晚得心疾」，故就難免會故意做出一些自以爲駭世驚俗的事來。不幸晚年窮困潦倒，貧病交加，乃至寄居蕭寺，客死僧舍，令人嘆惜。",http://data.library.sh.cn/gj/entity/libliotheca/kht2vb8sst4kqv17,丰坊,http://data.library.sh.cn/entity/person/zzkar0u603ep6bfl
37,碧琳瑯館,"「巴陵方與歸安陸，一樣書林厄運過；雁影齋空題跋在，流傳精槧已無多。」這是清代著名學者王儀通題日人島田翰《皕宋樓藏書源流考》時詠廣州方功惠碧琳瑯館的藏書紀事詩。方功惠碧琳瑯館收藏之富，當時幾乎可與陸氏皕宋樓和丁氏八千卷樓相匹。方氏之藏雖然沒有像皕宋樓那樣魂漂東瀛，然卻如曇花一現，瞬間煙消雲散，同樣令人扼腕。
方功惠（1829—1897？）字慶齡，號柳橋，清湖南巴陵（今岳陽）人。以父蔭任廣東鹽道知事，官至潮州知府。在任上，方功惠統轄粵、閩、贛、湘四省鹽課，曾在廣東爲左宗棠收復新疆籌集軍餉，以理財有方而受歷屆兩廣總督的欣賞。
方功惠自幼嗜書，家有碧琳瑯館，藏書十萬卷，富甲粵東。最難得的是，方功惠甚至在楊守敬之前就已經注意收集從日本散出的我國古籍珍本。當時正值日本明治維新，漢籍視若土苴，楊守敬訪書日本，搜得許多國內已經失傳的珍本秘籍，書林傳爲美談。而方功惠在光緒初年即已購得諸如日本曼殊院、尾張菊地氏、知止堂乃至佐伯文庫之舊藏。佐伯文庫爲日本著名私家藏書，其歷史甚至早於我國的天一閣，故不乏國內罕見之秘冊。碧琳瑯館盛於一時，連當時號稱博學的兩廣總督張之洞也常去碧琳瑯館借閲書籍。
方氏饒於資財，故他和許多家境富裕的藏書家一樣，也喜歡刻書。所刊《碧琳瑯館叢書》，收書四十四種，中多海內罕見孤本；又刻有《古經解彙函》、《古小學彙函》、《全唐文紀事》等，實爲書林有功之臣。
方功惠的藏書有《碧琳瑯館書目》四卷，著録其藏書約三千種；《碧琳瑯館珍藏書目》四卷，著録各類珍本約六八〇種；《碧琳瑯館集部書目》不分卷，著録所藏集部總集之書約五百種。方功惠又有藏書題跋《碧琳瑯館藏書記》，收録方氏藏書題識七十五篇。
方功惠卒後，其孫方湘賓將碧琳瑯館全部藏書運至北京，請其同科舉人李希聖爲之鑒定，李氏因此遍讀碧琳瑯館之藏而成《雁影齋題跋》和《雁影齋讀書記》。庚子之變後，方湘賓把藏書大部份賣給了北京琉璃廠書肆，葉昌熾《藏書紀事詩》云：「庚子春，太守已捐館，其家捆載遺書，至都門求售。過廠肆，見樣本，一睹其裝潢圖記，即知爲粵中裝訂，碧琳瑯館舊藏也。每冊有東丹箋副葉，可以辟蠹，書根宋字，齊如刀切。顧絀於資，望洋興歎，僅典衣購得吳中鄉先哲書五、六部，《皇甫司勳集》其一也。尚有錢叔寳《續吳都文萃》一百卷鈔本，索高價，正往來商榷，而拳禍作，倉皇避地，遂不復可問津矣。」又有部份捐贈京師大學堂，今存北京大學圖書館。",http://data.library.sh.cn/gj/entity/libliotheca/kigsqs7ew0sa2uwk,方功惠,http://data.library.sh.cn/entity/person/9fw56qbkhqp6ay93
38,千頃堂,"以一份私家藏書目録而成爲一代藝文志的底本，在歷史上可説絶無僅有，而《明史·藝文志》恰恰是以黃虞稷的《千頃堂書目》爲藍本。更令人稱奇的是，明末戰火之後，各大小藏書家之書，大都受到不同程度的損失，號稱藏書與天府埒的明朝諸藩之藏，更幾無寸軸片紙留世，而黃氏千頃堂藏書，卻奇跡般完好地保留了下來，錢謙益《黃氏千頃堂藏書記》則感嘆説：「豈非居福德之地，有神物呵護而能若是與？」
黃虞稷（1629—1691）字俞邰，號楮園。原籍福建晉江（今泉州）人，崇禎中隨其父移居南京。虞稷七歲能詩，號神童，康熙十八年（1679）舉博學鴻詞科，丁母憂不與試，後經左都御史崑山徐元文疏薦入翰林院，參與纂修《明史》，康熙二十三年，徐元文之兄徐乾學領修《大清一統志》，又薦充纂修，分纂福建省部分。
千頃堂爲黃虞稷的父親黃居中所創。黃居中（1562—1644）字明立，號海鶴，萬曆十三年（1585）舉人，官上海教諭，遷南京國子監監丞。鋭意藏書，老而彌篤，以至寢食坐臥、宴居行役，未嘗一日而廢，前後積至六萬餘卷。黃虞稷在此基礎上歲增月益，多有補充。千頃堂收書，以明代人著述最爲齊備，上迄明代十六朝帝王將相的著作，下至布衣文人的詩文雜記，靡不搜討網羅。當時錢謙益有「采詩之役」，經人介紹到千頃堂借書，結果「得盡閲本朝詩文之未見者」，故對千頃堂藏書有很高的評價。目録學史上著名的《千頃堂書目》即是黃虞稷根據家中藏書編纂而成的。
康熙十八年，清政府重開「明史館」，召集全國的著名學者與修《明史》，康熙二十年，黃虞稷應邀入館，分修《藝文志》，遂以《千頃堂書目》爲基礎，又廣擷公私藏書而成《明史·藝文志稿》，後來王鴻緒的《明史稿·藝文志》和張廷玉的《明史·藝文志》即是據黃虞稷的《明史·藝文志稿》刪削而成。然而，經纂修官多次刪削後的《明史·藝文志》已無法反映明代著述之全貌，故後人探求明人著述概貌時，多捨《明史·藝文志》而取《千頃堂書目》。《千頃堂書目》三十二卷，分四部五十一類，每部類下先列明人著述，後附南宋咸淳以下和遼、金、元各朝著作，是現存反映明人藝文最全的目録之作。黃虞稷又與當時另一藏書家丁雄飛相互傳抄所無之書，後二人訂《古歡社約》，約定每月十三丁到黃家，十五黃到丁家抄書論學，以「盡一日之陰，探千古之秘」，書林傳爲美談。",http://data.library.sh.cn/gj/entity/libliotheca/lyn3f2im1zs4lpiq,黄虞稷,http://data.library.sh.cn/entity/person/35bi8z42mzdv4y8t
39,汲古閣,"明季以藏書家兼大出版家者，汲古閣毛晉當之無愧。
毛晉（1599—1659）初名鳳苞，字子九，號潛在，更名晉，字子晉，常熟人。家饒田産而醉心於藏書、刻書。汲古閣「毛抄本」、「毛刻本」至今猶爲人所稱頌。
毛晉收藏圖書的主要途徑有二：一是高價收購各種善本舊抄。據説他曾在家門前貼一榜書：「有以宋槧本至者，門內主人計葉酬錢，每葉出二佰；有以舊抄本至者，每葉出四十；有以時下善本至者，別家出一千，門內主人出一千二佰。」由於價格優厚，一時書商竟雲集於毛氏之門。據《同治蘇州府志》載，當時甚至有民諺曰：「三百六十行生意，不如鬻書於毛氏。」二是尋訪和借抄藏於他人之善本。采用影寫的方法抄書，實爲毛晉一大發明，故人稱「毛抄本」。毛氏的這種影抄本能夠基本上保持原書的面貌，後來有些宋元刻本在流傳中散失了，「毛抄本」則被視爲同原刻一樣珍貴。毛晉還曾雇傭過許多人爲他抄書，故又有「入門僮僕盡抄書」之驚嘆。
經過數十年的苦心經營，毛晉藏書多達八萬四千餘冊，更難能可貴的是毛晉允許別人前來抄寫閲讀，至今仍能讀到當時一些著名學者寫下的諸如「汲古閣觀書記」之類的文章。陳瑚《爲毛潛在隱君乞言小傳》曾這樣描述汲古閣：「其制上下三楹，始子訖亥，分十二架，中藏四庫書及釋道兩藏，皆南北宋內府所遺，紙理縝滑，墨光騰剡。又有金元人本，多好事家所未見。」
毛晉有功於書林至巨者，還在於汲古閣的刻書。葉德輝《書林清話》説：「明季藏書家以常熟毛晉汲古閣爲最著者。當時曾遍刻《十三經》、《十七史》、《津逮秘書》、唐宋元人別集。以至道藏、詞曲，無不搜刻傳之。」著名學者朱彝尊《嚴孺人墓志銘》則説毛晉「力搜秘冊，經史而外，百家九流，下至傳奇小説，廣爲鏤版，由是秘書鋟本走天下」。汲古閣刻書，不僅數量多，而且質量高。一是毛晉所刻之書多爲宋元善本，二是毛晉曾以高薪聘請名士校勘書稿和書寫版樣，三是所印之書，紙墨精良，裝潢考究。據説汲古閣印書所用紙張，都是在江西定做的毛邊、毛太紙。故當時有「毛氏之書走天下」之譽。後之學人，受惠於「毛刻本」者極多。直到今天，除各圖書館外，流傳於個人手中的「毛刻本」還有不少。",http://data.library.sh.cn/gj/entity/libliotheca/mt8uxha4ykd8jq1v,毛晋,http://data.library.sh.cn/entity/person/10trfoc56j5ekoby
40,抱經樓,"浙東寧波，古稱文獻之邦，在明有范氏天一閣名聞遐邇，入清則有盧氏抱經樓稱譽東南，更有意思的是，抱經樓的建築，無論內部結構還是外觀，均與天一閣一模一樣，因此也是藏書樓現存形制中，唯一能與天一閣相印證者。
盧址（1725—1794）字丹陛，一字青厓，浙江鄞縣（今寧波）人。諸生。盧文弨族人，時人將盧址的抱經樓和盧文弨的抱經堂雅稱爲「東西二抱經」。
盧址能詞工詩，又博古好學、性好聚書。遇有善本，不惜重價以購，以故插架中多有葉氏菉竹堂、豐氏萬卷堂、毛氏汲古閣、祁氏澹生堂、汪氏古香樓等名家之舊物；朋舊中有異書，亦必百計借抄。晨夕校讎，廢寢忘食。收羅三十年，聚書數萬卷凡四十七櫥，因取韓昌黎《贈玉川子》句「獨抱遺經救始終」之意，名其室曰抱經，錢大昕爲之記。
盧址藏書，處處以天一閣爲楷模，不僅在藏書樓建築上仿天一閣，甚至連諸如平日封鎖、禁私開、禁出借、每歲伏日曝書等藏書管理制度，也一以天一閣爲準。天一閣進呈《四庫》之書六百餘種，因此得到朝廷賞賜《古今圖書集成》一部，盧址羨慕不已，竟至不惜派人到京購得《古今圖書集成》底稿以歸，以爲抗衡天一閣范氏之資。書到日，盧址衣冠迎於門，結癖之深，甬人引爲書林佳話。
盧址藏書多寧波鄉邦文獻，當時鄞縣令錢維喬修縣志，多借助於抱經樓之藏。盧址曾據所藏編爲《四明文獻集》一百四十卷。盧址又自編有《抱經樓書目》一卷。
咸豐十一年（1861），抱經樓藏書曾爲土匪劫掠一空，所幸這些書在出售時，爲同邑商人楊氏所見，遂以二千六百金買下，事平息後，楊氏慨然將所得之書全部歸還，且分文不受，故抱經樓後人每年曝書時，都要祭祀楊氏，以志璧還之恩。
一九一六年，抱經樓舊藏五萬餘卷以五萬元之價售於上海書肆「古書流通處」，旋散入江浙各藏書家。據王欣夫《藏書紀事詩補正》稱，多歸吳興劉氏嘉業堂。",http://data.library.sh.cn/gj/entity/libliotheca/nho7mg4qiz0nkkms,卢址,http://data.library.sh.cn/entity/person/p6zp72cwh4hhr61c
41,青蘿山房,"有明一代，開私家藏書風氣者，首推明初金華宋濂。
宋濂（1310—1381）字景濂，號潛溪，別號玄真子、玄真道士、玄真遁叟。金華人。元至正中薦授翰林院編修，不赴。明初，應太祖召，任江南儒學提舉，爲太子講經。洪武二年（1369）召修《元史》，官至翰林學士承旨知制誥。朱元璋立國，朝廷禮樂制度多爲宋濂所制定，被譽爲開國文臣之首。
宋濂藏書始於青年時代。當時，他因元末戰亂遷居浦江，於青蘿山中築室讀書，因名其樓爲「青蘿山房」。兵火之後，官私藏書毀損嚴重，而宋濂因隱居山中，仍能坐擁書城。明祁承?《澹生堂藏書約》説：「勝國兵火之後，宋文憲公讀書青蘿山中，便已藏書萬卷。」清戴殿泗《風希堂文集》卷二「宋文憲公全集序」則説宋濂「始自潛溪徙浦江，得鄭氏藏書八萬卷，居青蘿山中，日講明而切究之」。故一般認爲，除朱氏諸藩府外，明初私家藏書之富，首推宋濂。
宋濂晚年因受胡惟庸案牽連，全家謫往四川茂州，途中宋濂病死於夔州。宋濂藏書之精華，有少數流入清人之手。如北宋本《長慶集》，先後爲錢曾、黃丕烈、潘祖蔭所藏。《百宋一廛賦》：「廬山《長慶》，見取六丁；金華太史，獨著精靈。」注：「《長慶集》北宋時鏤版，所謂『廬山本』者。庚寅一炬，種子斷絶，唯此金華宋氏景濂所藏小宋本，圖記宛然，古香可愛，推稀世珍。」又有宋本《春秋經傳集解》、《史記》、《文選》等流入清宮內府，《天祿琳瑯續編》有記。宋濂還曾藏有宋刊《事林廣記》，後歸廣東丁日昌，《持靜齋書目》著録。",http://data.library.sh.cn/gj/entity/libliotheca/opmk1uka0gbywwq1,,http://data.library.sh.cn/entity/person/110iin2j83o65qfx
42,抱經堂,"清乾隆年間，兩浙同時出現了以「抱經」爲名的藏書樓，時稱東西兩「抱經」，其中東抱經爲抱經先生盧文弨的「抱經堂」，西抱經則是盧文弨族人盧址的「抱經樓」。
盧文弨（1717—1796）字紹弓，號磯魚，又號檠齋，晚號弓父。杭州人，乾隆十七年（1752）進士，歷官翰林編修、侍讀學士，歸里後，主講江浙各書院二十餘年，以經術導士，桃李滿天下。
盧文弨以學問名於世，生平喜藏書，又勤於著述，精於校勘。段玉裁爲盧文弨所作《墓志銘》曾這樣描述説：「早昧爽而起，繙閲點勘，朱墨並作。日且冥，甫出戶散步庭中，俄而篝燈如故，至夜半而後即安，祁寒酷暑不稍間。官俸脯脩所入，不治生産，僅以購書。聞有舊本，必借抄之；聞有善説，必謹録之。一策之間，分別迻寫諸本之乖異，字細而必工，今抱經堂藏書數萬卷皆是也。」盧文弨校書甚至是一種癖好，嚴元照《書盧抱經先生札記後》稱他「自經傳、子、史，下逮説部、詩文集，凡經披覽，無不丹黃。即無別本可勘同異，必爲之釐正字畫然後快，嗜之至老愈篤，自笑如猩猩之見酒也」。盧文弨曾選所校要籍三十八種，彙爲《羣書拾補》三十九卷，以謹嚴精當著稱，梁啟超曾譽之爲「最精善之校勘家著作」。洪亮吉《北江詩話》則稱盧文弨與翁方綱爲藏書家中的校讎家。
盧文弨又是清代有相當成就的目録學家，著有《常郡八邑藝文志》十二卷和《文獻通考·經籍校補》一卷等。",http://data.library.sh.cn/gj/entity/libliotheca/q2rcwey1qxclkrjn,卢文弨,http://data.library.sh.cn/entity/person/tg39z4b8ytjw6iq1
43,平津館,"《四庫全書總目》問世之後，四部分類法一統目録學之天下。此後除孫星衍《孫氏祠堂書目》外，直到張之洞《書目答問》於四部外別增叢書之部，整整一百年間，幾乎無人敢違背四部分類之成法。《孫氏祠堂書目》分爲十二類，劃小學於經之外，出天文於諸子，析地理與史學爲二，因而被認爲是《四庫總目》以後第一部不同於四部分類的創新之作。
孫星衍（1753—1818）字淵如，號伯淵，清陽湖（今江蘇武進）人。乾隆五十二年（1787）進士，授翰林院編修，改刑部主事，官至山東督糧道，晚年主講鐘山書院。
孫星衍所學甚廣：精經史、文學、音訓之學，旁及諸子百家、金石碑版，又工於篆隸，勤於校勘。孫氏在京任官八年，曾在翰林院得觀《永樂大典》，又曾奉敕校中秘之書，由是見聞日廣；以後又游宦山東，所到之處，無不留心搜討典籍。嘉慶三年（1798），孫星衍之母金夫人卒，星衍遂辭官回家奔喪。歸途行裝中，沒有任何金玉珠寳，而惟以圖書萬卷隨歸，其爲官之清廉和好書之篤可想而知。王芑孫《孫淵如萬卷歸裝圖贊》：「吾友孫君淵如觀察東魯，權陳臬事。其歸也，行李無加於舊，獨聚書益多，好事者爲作是圖，一時士大夫題詠甚盛。後四年，將復出山，乃以示余於揚州。爲之贊曰：『在官寫書，古以爲過。我思其人，天下幾個？謝公作郡，昌黎在縣。還讀我書，官亦可願。君繼其風，典訓是服。以我書歸，抵彼留犢。歸擁百城，坐逋萬鎰。福此蒼生，攜書再出。作圖紀事，申詠連篇。我爲之贊，以諗後賢。』」不幸的是南歸途中，載書之舟覆，所攜之書損失極大。爲使苦心收集多年的藏書能完好傳世，孫星衍將全部藏書作爲族産捐贈祠堂。祠堂內五松園之匾額題爲「廉石居」，故文獻所傳孫氏廉石居之藏與祠堂之藏應即爲一處。嘉慶五年，孫星衍編成《孫氏祠堂書目》，共著録圖書二一〇〇種。是目以不拘四部成法、注重學科性質類分圖書而在目録學史上享有特殊地位。
孫星衍又有平津館之藏，這是他嘉慶九年至十五年第二次官山東，駐節平原道之安德時的藏書處。平原道一帶舊稱平津，孫星衍因以名館，「以識風土古跡」。館中藏書爲他再次離家即赴山東時，從家中檢出的善本。後阮元奉命採訪四庫未收之書，孫星衍有意將書進呈內府，故在洪頤煊的幫助下撰成《平津館鑒藏書籍記》，計收書三百三十八種，其中多四庫未收或秘府未備之書，彌足珍貴。孫星衍在《平津館鑒藏書籍記序》中説：「余參藩東省，駐節安德，與江左一水相通，因擇要用書籍，攜載行笈，每年轉粟東歸，公事多暇，輒與同舍諸名士訂撰述，以銷永日。於家園藏書，才十之四、五耳。」是知平津館藏書爲行篋之藏，其數量約近所藏善本之半數。孫星衍又有《廉石居藏書記》二卷，可視爲《平津館鑒藏書籍記》之後編，專録藏於廉石居而未攜至平津館之書。
孫氏之藏，約散失於太平天國時，當時，湘潭袁芳瑛游宦江南，平津館藏書之精本多歸袁氏臥雪廬；袁氏歿後，其書多爲李盛鐸所得，部份歸葉德輝。",http://data.library.sh.cn/gj/entity/libliotheca/sgg0tufbcf0xixsb,孙星衍,http://data.library.sh.cn/entity/person/iwc8bdhrhl7eh7uz
44,天一閣,"寧波市月湖之西，有一座聞名中外的古建築，那就是明代兵部右侍郎范欽所建的天一閣。天一閣迄今已有四百多年的歷史，是我國現存最古老的藏書樓。
范欽（1506—1585）字堯卿，號東明，浙江鄞縣（今寧波）人。嘉靖十一年（1532）進士，累官兵部侍郎。
范欽性喜藏書，游宦期間，每到一地，都特別留心搜訪當地的文獻。與其他偏重於版本的藏書家不同的是，范欽比較重視當代人的著作，故其藏書以明刻本爲主，尤其是明代地方志、明代政書、明代實録、明代詩文集特別多，頗有些「厚今薄古」之意。如《軍令》、《營規》、《大閲覽》、《國子監監規》、《武定侯郭勛招供》等官書，屬當時的「內部資料」，一般藏書家即便有意收藏，也決非輕易可以覓得。
范欽同邑另有位藏書家豐坊，范欽與之交往甚善，並常去豐坊的萬卷樓借閲抄録。後萬卷樓不幸遭受火災，豐家無意續藏，劫餘之書多讓歸范欽。
范欽藏書處原名東明草堂，隨著藏書的增加，原來的書庫已不堪容納，范欽遂決定在住宅的東面重建一書樓，即後來著名於世的天一閣。天一閣的確切創建年份已不可考，根據有關文獻推定，當在嘉靖四十年至四十五年之間。樓爲一排六開間兩層木結構，坐北朝南，前後開窗，閣前有池塘，除了可以點綴風景外，亦是重要的防火措施之一。後來，范欽搜集碑刻，得一吳道士龍虎山石刻，爲元揭傒斯所書，並有「天一池」三大字，范欽大喜，以爲適與自己建閣鑿池之意相合，遂以「天一閣」名其樓。作爲藏書樓，天一閣的建築相當科學，故後來庋藏《四庫全書》的文淵、文源、文溯、文津、文匯、文宗、文瀾七閣，均仿天一閣式樣營造，而清代藏書家盧址的抱經樓，更是從內部結構到外觀，完全模仿天一閣，由是天一閣更負盛名。天一閣藏書有較嚴密的管理制度。范欽故世後，長子范大沖體察范欽愛書的心情，立下了「代不分書，書不出閣」的規矩，從而有效地防止了藏書的散失。
天一閣原有藏書七萬餘卷，從明末戰亂起始大批散失，到清康熙時閣中所藏明實録已佚其半；乾隆時修《四庫全書》，又從天一閣調走六〇二種（一説六三八種）圖書，以後多未發還；一八四〇年鴉片戰爭中，英軍占領寧波，從天一閣掠走地理輿圖數十種，一八六一年太平軍進駐寧波，當地盜賊乘機竊走大批圖書；民國初年，江洋大盜薛繼渭與不法書商相勾結，又盜去藏書一千餘部。經過這幾番劫難，到解放初期，天一閣藏書僅剩一萬三千多部。
天一閣藏書曾多次編目。最早的藏書目録爲范欽手定的《范氏東明書目》，現存最早的目録是清初抄本《天一閣書目》，一九八〇年天一閣編有《天一閣善本書目》，共著録善本四千餘部，七萬餘卷。",http://data.library.sh.cn/gj/entity/libliotheca/swdqutyk1b1omkk0,范钦,http://data.library.sh.cn/entity/person/73btqs4np4kbih8l
45,影山草堂,"在我國歷史上，雲貴地區地處偏遠，文化一直比較落後，鮮有以藏書聞達者。然而到清代晚期，黔南地區竟出了一個赫赫有名的藏書家，那就是獨山的莫友芝。更難能的是，莫友芝藏書活動以及目録學成就對後人的影響，甚至超過了同時代的其他大藏書家。
莫友芝（1811—1871）字子偲，號郘亭，晚號眲叟。貴州獨山人。道光十一年（1831）舉人。以後屢試不第而久客於曾國藩幕府，代曾氏收購江南遺書，後又爲曾國藩督領江南官書局，以校勘經史爲任。
莫友芝通小學，善書法，又精版本、目録之學。江南訪書時，與江浙一些大藏書家過往甚密，特別是與郁松年、丁日昌友好，經常在一起討論藏書、研求版本。當時正值亂後初定，江南故家藏書多流於上海，莫友芝雖因財力所限，不能盡購，然此間過目善本無數，由此更豐富了他的版本目録之學。莫友芝目録學代表作有二：一是《宋元舊本書經眼録》，這是他從同治乙丑（1865）至己巳（1869）數年間客游上海等地時所見宋、金、元、明槧本及舊抄本、稿本的記録，後由其子莫繩孫彙編成冊；一是《郘亭知見傳本書目》，這是他在《四庫全書簡明目録》上所作的版本箋注，是爲版本目録學史上的扛鼎之作。此外還曾爲丁日昌編有《持靜齋藏書紀要》二卷。
莫友芝藏書處名影山草堂，以所在獨山翁奇河邊之居所周圍有山竹田園泉池之勝，乃取元暉《新治北窗和何從事詩》「竹外山猶影」句，名其廬曰「影山草堂」。後莫氏居金陵，仍沿用此堂名。影山草堂以明清精刻、精抄、精校本爲多，尤以唐寫本《説文解字》殘本最爲珍貴，是爲唐憲宗元和年間遺物，曾國藩見此書後，贊嘆不已，即命刻板傳世，並爲之題詞：「插架森森多於筍，世上何曾見唐本！莫君所得殊瑰奇，傳寫云自元和時。」莫友芝曾編有《影山草堂書目》和《郘亭行篋書目》，二者均爲稿本，不分卷。前者爲藏書總目，後者爲客游東南時的行篋書目。",http://data.library.sh.cn/gj/entity/libliotheca/t105oo8f67re2vkh,莫友芝,http://data.library.sh.cn/entity/person/bvvt1igfp0zv52ao
46,藝蕓書舍,"説到近代藏書家，人們幾乎無一例外會想到清末四大藏書家。其實，四家中流傳最廣的兩家，即南瞿北楊，其藏書的主要部分，均源於清代中葉蘇州藏書家汪士鐘的藝蕓書舍舊藏。清代同期大學者阮元曾贈汪士鐘一聯曰：「萬卷圖書皆善本，一樓金石是精摹。」藝蕓書舍收藏之富，由此可見。
汪士鐘字春霆，號閬源，清長洲（今蘇州）人，其父汪文琛以益美布號而饒於貲。士鐘本人仕途情況無足夠文獻可徵，但從其所用「民部尚書郎」印及與阮元的交往，又潘祖蔭《藝蕓書舍宋元本書目跋》稱汪士鐘爲觀察，稱汪士鐘之子爲比部等旁證來看，汪士鐘當有過功名，至少不是尋常的商賈。
汪士鐘年輕時即好讀書，曾遍讀其父所藏四部之書，以爲均尋常習見之本，乃蓄志搜羅宋元舊刻及《四庫》未收之書。汪家本饒於財，於是收書不惜厚價，僅一、二年，藏書即有了相當的規模。汪氏藝蕓書舍之藏主要來自黃丕烈士禮居、周錫瓚水月亭、袁廷檮五研樓和顧之逵小讀書堆。尤喜黃丕烈舊藏，凡有黃氏跋語之書，雖一行數字，必重價收之，以致吳中書賈凡得有黃丕烈藏印的舊刻舊抄，哪怕祇有殘零的一、二卷，索價必倍，甚至連黃丕烈的破殘簽題，毀損的跋語，也能賣個好價錢。汪士鐘堂上有一楹聯：「種樹類求佳子弟，擁書權拜小諸侯。」癡書之情，由此可見。
汪士鐘曾取所藏宋元之本編爲《藝蕓書舍宋元本書目》，顧千里爲之序，稱：「海內好古敏求之士，未能或之先也。」汪氏又喜刻書，所摹刻宋本《孝經義疏》、《儀禮單疏》、《劉氏詩説》、《郡齋讀書志》諸書，讎對精審，舉世珍若球璧。
咸豐年間，汪氏書散出，其中長編鉅冊，皆爲常熟瞿氏所得，餘歸海源閣楊氏。",http://data.library.sh.cn/gj/entity/libliotheca/tng8yayr1z5btyen,汪士钟,http://data.library.sh.cn/entity/person/5lznhk6c9s9ywq7c
47,楝亭,"有清一代，隨著漢滿文化的交融，涌現了不少滿族藏書家。其中最負盛名的是楝亭曹寅。
曹寅（1658—1712）字子清，號荔軒，又號楝亭。其先世爲漢族，自其祖父起爲滿洲貴族的包衣（奴僕），隸滿洲漢軍正白旗。父曹璽任江寧織造時，嘗於署內手植楝樹數株，清緑可愛，因結亭其間，名曰「楝亭」。母孫氏，爲康熙乳母，故曹寅自幼有機會入宮做康熙的伴讀，以後又繼襲其父爲江寧織造。
曹寅好讀書，亦好藏書。任江寧織造期間，廣泛結交漢族士子，其中不乏藏書名家，如徐乾學、朱彝尊、宋牧仲、王士禛等。曹寅常向他們借抄藏書，尤其是朱彝尊的曝書亭珍秘，曹寅幾乎都抄有複本。李文藻《琉璃廠書肆記》：「楝亭掌織造、鹽政十餘年，竭力以事鉛槧，又結交朱竹垞，曝書亭之書，楝亭皆鈔有副本。以予所見，如《石刻鋪敘》、《宋朝通鑑長編紀事本末》、《太平寰宇記》、《春秋經傳闕疑》、《三朝北盟會編》、《後漢書年表》、《崇禎長編》諸書，皆鈔本；魏鶴山《毛詩要義》、《樓攻媿文集》諸書，皆宋槧本。」當然，投桃報李，互通有無，曹寅亦將自己的藏書借給朱彝尊抄録。葉昌熾《藏書紀事詩》描述説：「緑樹芳穠小草齊，楝花亭下一尊攜。金風亭長來游日，宋槧傳鈔滿竹西。」曹、朱二人以書會友，遂爲莫逆之交，書林傳爲佳話。
經過長年的努力，曹寅終於藏弆古本逾萬卷，坐擁書城，悠游楝亭，好不自得。《楝亭詩鈔》卷二《和芷園消夏十首》有《曝書》一詩：「十五年間萬卷藏，中年方覺曝書忙。遙憐揮汗繽繙處，時有微風送古香。」康熙四十四年（1705），曹寅奉旨刊刻《全唐詩》，在揚州設立了「全唐詩局」。曹寅藏書本來就以富有唐人詩集爲特色，故他利用主持詩局之便，一方面刊印了許多孤本、善本，使之流傳於世，另一方面也補充了不少家藏中所闕之書。曹寅曾編有《楝亭書目》四卷，分三十六大類，計著録藏書三二二七種。有《遼海叢書》本。
《全唐詩》書成後，曹寅有感於音韻對於詩歌創作的重要，乃彙輯前人文字音韻之書《大廣益會玉篇》、《大宋重修廣韻》、《集韻》、《類篇》、《附釋文互注禮部韻略》五種，刻成《楝亭五種》，每書都印有「楝亭藏本，丙戌九月重刻於揚州使院」印記，以後又刻有《楝亭十二種》以及單行本《隸辨》、《毛詩要義》等。
曹寅歿後不久，曹家因政治和經濟等方面的原因被抄家籍沒，楝亭藏書亦隨之散出。李文藻《琉璃廠書肆記》云：「乾隆己丑五月二十三日……從內城買書數十部，每部都有『楝亭曹印』，其上又有『長白敷槎氏堇齋昌齡圖書印』。」昌齡即富察昌齡，字敷槎，號堇齋，曹寅外甥。以後孫星衍、丁日昌等都曾收藏過楝亭舊物。",http://data.library.sh.cn/gj/entity/libliotheca/v8bvwuw1czl6o3rm,曹寅,http://data.library.sh.cn/entity/person/y1bxgqoz33fksx75
48,積學齋,"在歷代藏書家中，既有偏嗜宋元舊槧者，也不乏別具眼力，以刊刻傳播典籍爲己任者。清末民初的徐乃昌即是一個這樣的藏書家兼出版家。
徐乃昌（1868—1936）字積餘，號隨庵，清安徽南陵人。光緒十九年（1893）恩科舉人，官至江南鹽法道兼金陵關監督。民國後寓居上海。
徐乃昌藏書約始於二十歲左右。當時，他在北京琉璃廠與繆荃孫相遇，以弱冠能談書論藝而與繆氏定交，後來徐乃昌撰《積學齋藏書志》，即請繆荃孫爲之序；光緒十九年，又與葉昌熾相識於北京，以後二人賞析舊籍，迭有往來。可以説，徐乃昌近五十年的藏書生涯，受到同時代各藏書名家的影響極大。徐乃昌的目録學成就雖不能與繆荃孫和葉昌熾等相比，但在保存傳播古典文獻方面，卻有著他的獨特的貢獻。
徐乃昌的積學齋之藏，以清人文集和金石古器物爲多，王國維曾爲他的《隨庵勘書圖》題詩：「前有隨軒後隨庵，二徐焜耀天東南。海濱投筆得至樂，石墨瑯書共一龕。」徐乃昌曾編有《積學齋藏書記》四卷、《積學齋書目》一卷、《隨庵徐氏藏書志》等，可惜均爲稿本或抄本。徐氏又編有《隨庵吉金圖録》、《小檀欒室鏡影》、《安徽通志金石古物考稿》、《積餘齋金石拓片目録》、《積餘齋集拓古錢譜》等。王國維對他以圖録傳古的做法曾表示極大的贊賞。
徐乃昌對於保存古典文獻的最大貢獻在於他的刻書事業。徐氏以一己之力，共刻有《積學齋叢書》、《小檀欒室彙刻閨秀詞百家》、《隨庵叢書》、《南陵先哲遺書》等九種叢書，計收書一八五種，再加上他單刻的《玉臺新詠》、《徐公文集》等，總數將近二百種，因此又是近代出版史上的重要出版家之一。",http://data.library.sh.cn/gj/entity/libliotheca/w07sg31gijepxkts,徐乃昌,http://data.library.sh.cn/entity/person/x1u7mw9lono663sv
49,臥雲山房,"有明一代，寧波藏書家范欽及其天一閣名聞天下，也正是這個原因，幾使另一藏書大家，即范欽的侄子范大澈湮沒無聞。清鄭梁《爲陳怡庭壽范簡巖七十序》説：「鄞邑好古藏書之家，豐氏而後推范氏。然人知司馬東明公之所藏特富，而不知鴻臚訥庵公爲其猶子其所藏不止如南北阮也。……擬諸司馬，正如石崇之與王愷矣。」這裏，司馬東明公指范欽，而鴻臚訥庵公則指范大澈。
范大澈（1524—1610）字子宣，號訥庵，別號南海釣者、句章灌園叟。明鄞縣人，范欽之侄。二十六歲時隨伯父范欽入京，曾以詩驚名士袁煒，三十多歲補國子生，後官鴻臚寺序班，嘗出使琉球、遼東、朝鮮等處，一生凡七奉璽書，進秩至二品。
大澈性喜藏書，鄭梁《訥庵范公傳》稱：大澈游京師時「月俸所入，輒以聚書。聞人有抄本，多方借之。長安旅中，嘗雇善書者謄寫，多至二三十人」。大澈猶喜法書名畫。除唐宋以來名人手跡外，還利用他出使外國的機會，多方收集域外人的作品，故時人曾有「怪雅異集」之評。大澈又收有秦漢以來的印章四、五千方，並擇善紙造印泥自爲印譜。如是，則可謂明人集古印之第一人。
大澈與其伯父范欽間又頗多競爭。據《鄞縣志》記載：最早時，范欽棄官歸里，起天一閣，藏書極一生之盛。大澈曾幾次去借書，均遭拒絶，心中頗爲不悅，於是不惜重價購求海內異本秘書，每得天一閣所無之書，大澈必具酒備茗，把范欽邀至家中，並把所得之書置於幾上，以刺激范欽。果然，范欽看了以後，默然而去。
大澈於六十七歲致仕歸里，築室西郊。以後二十年中，以讀經閲史，品畫評書爲樂，年八十七卒。大澈著有《灌園叢談》、《臥雲山房遺稿》等，但未見其專門的藏書樓名，此姑借用其室名。",http://data.library.sh.cn/gj/entity/libliotheca/wi01tq73v5l4a80g,范大澈,http://data.library.sh.cn/entity/person/xzhwl40vyrou0pvh
50,百宋一廛,"説起清代中葉黃丕烈，藏書界可謂無人不知，無人不曉，他的「佞宋」雅號和「百宋一廛」之誇，曾引起藏書史上無數風流佳話，陳登原《古今典籍聚散考》説：「昔人謂乾嘉以來藏書家，當以丕烈爲大宗，而乾嘉間之藏書史，可謂百宋一廛之時代。允矣。」
黃丕烈（1763—1825）字紹武，號蕘圃，別署復翁、佞宋主人等等，清江蘇吳縣人。乾隆五十三年（1788）舉人。他的藏書齋室樓名極多，先是有學耕堂，以後又陸續有百宋一廛、士禮居、求古居、陶陶室、學山海居、讀未見書齋等，不一而足，其好事由此可知。
黃丕烈好宋刻，所藏宋版多達百部，顧蒓顔其室曰「百宋一廛」，顧千里爲作《百宋一廛賦》，並雅稱黃爲「佞宋主人」，黃丕烈欣然認可，且以自號，由此引起藏書史上無數趣聞軼事：先是海寧吳騫欲以「千元」敵黃丕烈之「百宋」，故名其齋爲「千元十駕」，然猶以無足夠宋刻爲遺憾，後吳氏覓得宋版「臨安三志」百卷，遂鎸「臨安志百卷人家」一印以自慰；及至清末則有湖洲陸心源名其藏書處曰「皕宋樓」，殆有駕「百宋」而上之意；再後又有袁克文稱其樓曰「後百宋一廛」、「皕宋書藏」，並仿稱「佞宋」，至今猶爲書林喜聞之談助。
黃丕烈的陶陶室亦頗有傳奇色彩：先是黃氏得到汲古閣毛氏舊藏北宋本《陶淵明詩集》，不久又得到南宋本湯氏注《陶詩》，喜不自勝，因名其居室爲「陶陶室」，又邀幾個同好前來飲酒品書，分享他的這份喜悅之情，並請王芑孫爲他寫了一篇《陶陶室記》。説起這部湯注《陶詩》，又別有一段故事。此書原藏周春處，周春字松靄，浙江海寧人，黃丕烈曾跋湯注《陶詩》説：「宋刻真本在海寧周松靄家，相傳與宋刻《禮書》並儲一室，顔之曰『禮陶齋』，其書之得近於巧取豪奪，故祕不示人，并云欲以殉葬。賈人吳東白談及周公先去《禮書》，改顔其室曰『寳陶齋』，今又售去，改顔其室曰『夢陶齋』。並聞他估云，周去書之日，泣數行下。亦可想見其情也」。這部書原先也非周春應得之物。是書舊爲長塘鮑廷博所有，某日，鮑廷博與吳騫一同去周春家，説起這部《陶詩》序末標明湯漢，不知何許人。周春一聽便拍案大叫好書，並告訴他們此書《文獻通考》著録，湯漢《宋史》有傳。鮑廷博聽後悵然若有所失，因爲他已把這本書給了張燕昌。後來周春設法從張燕昌處借來此書，張見書雖破碎，但依然看得出原來的裝潢用紙很講究，便猜想可能是秘冊，由此索還甚急，但卻怎么也要不回來了，後經人調停，以一支重一斤的葉元卿夢筆生花大圓墨作爲補償才算了事。好多年後，鮑廷博經多方尋覓，總算才找到一部抄本，張燕昌馬上慫恿吳騫重刻該書，以懺悔當時與宋版失之交臂之恨。然而這件事卻使吳騫吃了啞巴虧，據説後來吳騫聞知鮑廷博藏有宋刻《離騷集傳》，想借來一睹爲快，而鮑廷博卻怕他學周春樣有借無還，所以堅持祇給他看抄本。
黃丕烈藏書，有好多別人想不出的絶招。比如他每得奇書，往往要繪畫徵詩，極一時風雅之盛。如《襄陽月夜圖》爲宋刻《孟浩然詩集》作；《三徑就荒圖》爲宋刻《三謝詩》作；《蝸廬松竹圖》爲《北山小集》作；《玄機詩思圖》爲得《咸宜女郎詩》作。據説黃丕烈曾將這些畫彙輯成冊，可惜後來散佚殆盡，今惟知此數種畫名而已。更讓人聞所未聞的是黃氏每年還要把所得的佳刻秘冊供奉於書齋中，舉行他獨有的「祭書」典禮。如嘉慶十一年，黃丕烈與陳鱣爭購宋刻《周易集解》，如願以償後，「以香楠製櫝而藏。是冬除夕祭書，此書其首列」。沈士元《祭書圖説》：「黃君紹甫，家多藏書，自嘉慶辛酉至辛未，歲常祭書於讀未見書齋，後頗止。丙子除夕，又祭於士禮居，前後皆爲之圖。」瞿中溶《題黃蕘夫祭書第二圖》：「《祭書圖》作後先論，妙繪同逢道子孫。歎我風塵淪落久，奇書空向篋中存。」注云：「前圖吳竹虛作，此圖吳枚庵作。」
黃丕烈不僅喜歡藏書，而且善於藏書。趙懷玉《亦有生齋文集·黃紹甫移居圖贊》評説：「君好藏書，而又精於研訂，非徒炫其插架之儲者。今天下以藏書稱，首范氏天一閣，次則鮑氏知不足齋。然范藏雖久，鮮善本之刻，鮑刻雖富，未及君別擇之審。」黃丕烈又頗能讀書，且勤於校勘，邃於版本。王芑孫《陶陶室記》云：「於其版本之先後、篇第之多寡、音訓之異同、字畫之增損，及其授受源流、繙摹本末，下至行幅之疏密廣狹、裝綴之精粗敝好，莫不心營目識，條分縷析。」故其所作題跋猶爲後人所重。汪士鐘曾專收黃丕烈舊藏，以致凡有黃氏批跋數語之書，即身價倍增。光緒十年（1884），潘祖蔭「因思先生一生精力盡在於是」，故於海源閣楊紹和等處抄録整理出黃氏題跋，聚而刻之，成《士禮居藏書題跋記》六卷，計收經黃氏手跋之書三一九部；此後，繆荃孫又從其他藏書家處陸續抄輯黃氏手跋七十篇，成《士禮居藏書題跋續記》二卷，後又輯得黃跋五十篇而成《士禮居藏書題跋再續記》二卷，一九一八年，繆荃孫又將上述三書和章鈺、吳昌綬據所見書輯得的題跋若干，合併爲《蕘圃藏書題識》十卷，著録書籍六二二部，卷末附「蕘圃刻書題識」；一九二九年，李文裿輯成《士禮居藏書題跋補録》一卷，收書二十八種；一九三三年，王大隆在周暹、趙萬里、瞿鳳起等人輯録的基礎上成《蕘圃藏書題識續録》四卷，收書一一七部，其中包括李氏《士禮居藏書題跋補録》的二十八部在內，一九四〇年，王大隆又刻成《蕘圃藏書題識再續録》三卷，收書七十四部。至此，黃丕烈的藏書題跋大致已備。
黃丕烈的全部藏書，在嘉慶末年開始散出，至道光初年他去世前已散失殆盡。其中善本秘冊多歸汪士鐘藝蕓書舍。道光四年，即黃氏去世前一年，黃丕烈曾想編藏書和所見書總目，但因書已散盡，只得作罷，現流傳於世的僅《百宋一廛賦注》一卷，是爲著名的賦體善本書目；《百宋一廛書録》一卷，收宋版書一一二種；《求古居宋本書目》一卷，收書一八七種，是爲《百宋一廛賦注》的增補本。",http://data.library.sh.cn/gj/entity/libliotheca/wlm43rz85fr8riyn,黄丕烈,http://data.library.sh.cn/entity/person/7rr9k7ztt1vwz9ih
51,嘉業堂,"清末四大藏書樓之後，彪炳於書林者，首推浙江吳興劉承幹的嘉業堂。
劉承幹（1882—1963）字貞一，號翰怡，別署求恕居士，原籍浙江上虞人，其祖於雍正間遷居湖州南潯鎮。清光緒三十一年（1905）貢生，曾任候補內務府卿，入民國以清遺老自居。
嘉業堂之藏始於翰怡之父劉錦藻，即《皇清續文獻通考》四百卷的編者。劉錦藻以個人之力，賡續官書《皇清文獻通考》，自是非廣羅文獻不可，由此奠定了嘉業堂的藏書基礎。
劉承幹有志於藏書始於一九一〇年。因劉家饒於資材，故遠近書商接踵而至，遂使翰怡在短短的幾年時間里，聚書即達六十萬卷。當時各藏書名家，諸如甬東盧址抱經樓、獨山莫氏影山草堂、仁和朱氏結一廬、豐順丁氏持靜齋散出之書，盡歸劉氏所有，一時大有海涵百家之勢。
一九二〇—一九二四年，劉承幹在家鄉南湖鎮建成了占地二十畝之廣的藏書樓。樓名「嘉業」，源於劉氏曾斥巨資爲光緒皇帝陵園植樹，爲此溥儀賜其「欽若嘉業」的匾額，翰怡因以名樓。嘉業堂藏書以明刻本二千種和地方志一千二百種名於世，但亦不乏宋元善本秘籍。
嘉業堂藏書管理的最大特點是對外開放，即使是珍本秘刻也樂於提供他人傳抄。《四部叢刊》中，即收有多部劉氏所藏宋、元、明刊的善本。非但如此，凡來讀書、抄書的學者，嘉業堂還爲之提供食宿，真可謂當地的公共圖書館。
劉承幹亦熱心於將所藏善本刻印流傳，爲此，他曾延請當時著名學者如繆荃孫、葉昌熾、董康爲他校書。劉氏刻有《嘉業堂叢書》、《吳興叢書》、《求恕齋叢書》、《留古草堂叢書》、《希古樓叢書》等計一七七種、三千餘卷。在近代中國出版史上有相當影響。
嘉業堂藏書目録甚夥，除已佚的繆荃孫編《嘉業堂藏書志》、董康《嘉業堂藏書續志》及《嘉業堂藏書目録》外，現尚存者有《嘉業堂藏明善本書目》一冊，專記明刻善本；《嘉業堂書目》八冊，著録圖書七千餘種，其中以集部爲多，約四千種；《嘉業堂鈔校本目録》四卷，著録鈔本一千二百種。此外，劉氏還輯印有《嘉業堂善本書影》五冊。
抗戰時期，劉氏家道中落，藏書逐漸散出。其中明刊本一千二百種歸前重慶中央圖書館，現存臺灣；清人文集和地方志現在復旦大學圖書館；其他多見藏於浙江省圖書館。",http://data.library.sh.cn/gj/entity/libliotheca/x56cfdbb6euigrmn,刘承干,http://data.library.sh.cn/entity/person/cc4bod3kvjirv8o4
52,道古堂,"很多學者藏書祇是爲了學問，學者之藏與普通藏書家爲爭奇鬬秘而藏有本質的不同。清初浙江杭世駿藏書目的更是明確，一切爲了著述，甚至爲了續補《金史》而建「補史亭」，並把所有相關文獻都彙聚其間。亦是藏書史上一大佳話。
杭世駿（1696—1773）字大宗，別字堇浦，晚號秦亭老民。清仁和（今杭州）人。乾隆元年（1736）舉博學鴻詞科，授翰林院編修，曾受命參與校勘《十三經》、《二十四史》。惜大宗學問雖好，於世事卻蒙然無知，且爲人耿直，常直抒己見。時天下大旱，乾隆特開「陽城馬周科」試翰林院諸官，以取「直士」。大宗信以爲真，竟直言主張「朝廷用人，宜泯滿漢之見」，以致乾隆「怒抵其卷於地者再」而被罷官歸田。
杭世駿出身貧寒而勤奮好學。年輕時偶爾過訪友人館舍，見異文秘冊，即端坐那裏默默記下其中要點，用功之勤，可見一斑。王瞿序《道古堂集》曰：「堇浦於學無所不貫，所藏書擁榻積幾，不下十萬卷。堇浦枕藉其中，目睇手纂，幾忘晷夕。」歸里以後，杭世駿與里中耆舊及方外之侶結成南屏詩社，潛心於學問著述，同時又與同邑小山堂趙氏、揚州小玲瓏山館馬氏交游甚密，互相交流藏書之趣。
杭世駿先世有道古堂藏書樓，但無法滿足他的學問要求，爲此，他又建起了「補史亭」。大宗曾自作《補史亭記》述其原委：「杭子疏證《北齊書》既畢，越明年，乃補《金史》。先人庀屋，積有餘材，營度後圃，規爲小亭。窗楹疏達，高明有融，乃徙先世所遺羣籍凡有關中州文獻者，悉置其處。廣榻長幾，手自讎溫，間有開明，輒下籤記。」由於目的不同，杭世駿藏書惟願善本，而不苛求必宋元之版。他在爲同邑藏書家汪日桂所作《欣託齋藏書記》中曾論及版本説：「今之挾書以求售者，動稱宋刻，不知即宋亦有優劣。有大學本，有漕司本，有臨安陳解元書棚本，有建安麻沙本，而坊本則尤不可更僕數。《青雲梯》、《錦繡段》皆成於臨場之學究，而刻於射利之賈竪，皆坊刻也，不謂之宋刻不可也。五十年以前，曾與吳繡谷、趙勿藥兩君齗齗切究之。」丁申《武林藏書録》評論杭世駿藏書説：「先生以補金朝一史，所聚羣籍已盈幾堆榻，則其他書之富可知。況兩浙經籍，曾經編纂成志，爲卷五，爲目五十有九，爲書一萬五千有奇。先生自序，洋洋千餘言，夫豈以百宋千元自矜儲藏之富者所可比擬哉。」是爲中肯之言。",http://data.library.sh.cn/gj/entity/libliotheca/y0fq2gjq75u2mfam,杭世骏,http://data.library.sh.cn/entity/person/lz5j7720nqnr2en6
53,澹生堂,"浙江紹興歷來是我國人文薈萃之地，藏書家輩出。至明則以祁承?澹生堂名聞遐邇。
祁承?（1563—1628）字爾光，號夷度，一號曠翁，明山陰人。萬曆三十二年（1604）進士，官至江西右參政。祁承?出身於書香門第，祖父祁清的淡泊名利的情懷對他的人生道路有很大影響。樓名「澹生」，即在表示繼承其祖父淡泊人生的高尚品格；而名其園爲「曠園」，並自號「曠翁」，亦在表示其神怡心曠、無往不適的豁達胸襟。清全祖望《曠亭記》説祁承?「治曠園於梅里，有澹生堂，其藏書之庫也；有曠亭，則游息之所也；有東書堂，其讀書之所也。」又説他「精於汲古。其所鈔書，多世人所未見，校勘精覈，紙墨俱潔凈」。
爲了管理好藏書，祁承?曾手撰《澹生堂藏書約》。《藏書約》除序文自述讀書、藏書經歷外，正文分爲「聚書訓」、「藏書訓略」、「讀書訓」三部分，分別對圖書采訪、分類典藏和古人讀書事例作了全面而深入的論述，因此被譽爲我國最早的圖書館藏書建設理論著作。萬曆四十八年（1602），祁承?對藏書進行了一次全面的整理，並根據整理過程寫出了《庚申整書略例四則》，其中提出了對我國圖書館學的分類編目理論有相當影響的「因」、「益」、「通」、「互」四字分類原則。作爲對理論的實踐，祁承?在其藏書目録《澹生堂書目》中，采用了「分析著録」和「互見著録」的方法，是目在我國古典目録學史上有一定地位。
祁承?的藏書印亦很有特色，尤其是那方著名的藏書銘印，不僅深切體現了印主愛書護書之情，亦在訓誡祁氏子孫應堅守良好的典範和家風。書林每引爲佳話。
祁承?諸子中，以祁彪佳能承父業。祁彪佳（1602—1645）字虎生，一字幼文，又字弦吉，天啟二年（1622）進士，曾任南明右僉都御史之職。清兵破南京、杭州後，祁彪佳投水自盡，以身殉國，祁氏藏書亦從此散出。據清全祖望《小山堂祁氏遺書記》所載，澹生堂藏書多爲黃宗羲、呂留良所有，部分歸杭州趙氏小山堂，餘則散入坊間。尚有一些祁氏先世的作品，因在清代多屬禁燬之書，被祁氏子孫冒死保存了三百年，直到民國時禁令解除，這些被秘密保存下來的珍貴文獻才陸續公之於世。",http://data.library.sh.cn/gj/entity/libliotheca/zwrrp8g5nvky2mnb,祁承㸁,http://data.library.sh.cn/entity/person/57w74qpah7ssx0mw
